,id_palabra,palabra,language,POS,ranking,lemmatized,pc1,pc2,pc3,rgb1,rgb2,rgb3,pc1is,pc2is,pc3is,nc5,nc4,nc3,nc2
0,1,gero,Basque,ADV,95,yes,1.47,0.4456,-1.2616,0.5801,0.6157,0.6502,1.5222,0.6844,1.2935,1,1,1,1
1,2051,norbait,Basque,PRON,419,yes,6.3679,-1.4601,-4.4391,0.7198,0.545,0.5167,2.9357,5.6326,4.4081,2,2,1,1
2,3,lortu,Basque,VERB,27,yes,-7.5972,3.0224,-2.3258,0.3213,0.7114,0.6055,-2.1478,-7.5612,1.9467,5,4,3,2
3,6,bat,Basque,NUM,8,yes,-8.5347,1.347,-1.9865,0.2945,0.6492,0.6198,-4.1586,-7.4722,1.7382,5,4,3,2
4,7,jarri,Basque,VERB,49,yes,-6.3555,1.3647,-1.6664,0.3567,0.6498,0.6332,-2.582,-5.6004,1.4092,5,4,3,2
5,9,bestalde,Basque,CCONJ,155,yes,1.5938,-0.3676,-1.1695,0.5836,0.5855,0.6541,0.8085,1.4131,1.3767,1,1,1,1
6,2057,batzorde,Basque,NOUN,375,yes,-2.4585,-4.7928,0.5852,0.4679,0.4212,0.7279,-5.3479,1.143,-0.1254,4,4,3,2
7,11,herri,Basque,NOUN,56,yes,-4.5505,1.8977,2.2907,0.4082,0.6696,0.7995,-1.3595,-4.6307,-2.9112,5,4,3,2
8,13,laguntza,Basque,NOUN,238,yes,0.792,0.8399,2.1607,0.5607,0.6304,0.7941,1.0249,0.1052,-2.3281,1,1,1,1
9,15,eta,Basque,PROPN,186,yes,-14.6878,7.0649,-9.163,0.1189,0.8615,0.3181,-3.7693,-16.3627,7.3323,3,3,2,2
10,17,eman,Basque,VERB,15,yes,-11.2979,4.6034,-5.185,0.2156,0.7701,0.4853,-3.308,-11.6673,4.8618,5,4,3,2
11,18,jarraitu,Basque,VERB,99,yes,-2.692,0.2989,-1.3407,0.4613,0.6103,0.6469,-1.259,-2.1257,1.3942,5,4,3,2
12,19,estatu,Basque,NOUN,179,yes,0.5696,3.4553,4.5067,0.5544,0.7275,0.8927,2.6081,-1.4698,-4.8977,1,1,1,1
13,22,ordezkari,Basque,NOUN,222,yes,1.6144,2.5218,2.7561,0.5842,0.6928,0.8191,2.6376,-0.2763,-2.7278,1,1,1,1
14,23,izan,Basque,VERB,5,yes,-18.853,10.796,-14.2164,0.0,1.0,0.1057,-3.7259,-22.7769,12.5383,3,3,2,2
15,24,erakunde,Basque,NOUN,322,yes,1.8998,0.6106,1.4938,0.5923,0.6218,0.766,1.5762,0.9007,-1.3576,1,1,1,1
16,26,lan,Basque,NOUN,51,yes,-2.5341,1.5863,-0.7752,0.4658,0.6581,0.6707,-0.202,-2.8436,0.6238,5,4,3,2
17,28,baieztatu,Basque,VERB,464,yes,0.9299,0.913,0.3422,0.5646,0.6331,0.7176,1.3484,0.1347,-0.38,1,1,1,1
18,29,*edun,Basque,AUX,2,yes,-8.452,2.0114,-5.1805,0.2969,0.6739,0.4855,-3.367,-7.818,5.0427,5,4,3,2
19,31,tour,Basque,PROPN,455,yes,5.5675,3.3525,3.6758,0.697,0.7236,0.8578,5.4229,2.2855,-3.4207,2,2,1,1
20,32,hura,Basque,DET,38,yes,-4.0911,0.6709,1.6073,0.4213,0.6241,0.7708,-2.2275,-3.1333,-1.5972,5,4,3,2
21,35,aldi,Basque,NOUN,392,yes,-0.4134,0.0675,3.3841,0.5263,0.6017,0.8455,-0.414,-0.5923,-3.3683,1,1,1,1
22,36,mendi,Basque,NOUN,407,yes,8.4586,0.1755,-1.0332,0.7795,0.6057,0.6598,5.2186,5.964,1.3082,2,2,1,1
23,37,ukan,Basque,AUX,62,yes,-17.6984,9.6958,-12.4016,0.033,0.9592,0.182,-3.7662,-20.7875,10.5746,3,3,2,2
24,40,ni,Basque,PRON,29,yes,-2.0549,0.207,-1.0619,0.4794,0.6069,0.6586,-1.0186,-1.5796,1.2011,5,4,3,2
25,41,ere,Basque,CCONJ,12,yes,-3.0709,0.9681,-3.4211,0.4504,0.6351,0.5595,-0.8024,-2.8848,3.3239,5,4,3,2
26,42,ez,Basque,PART,4,yes,-5.1366,1.4985,-5.0052,0.3915,0.6548,0.4929,-1.6277,-4.9672,4.8606,5,4,3,2
27,43,hasi,Basque,VERB,23,yes,-7.4211,2.5229,-3.0314,0.3263,0.6928,0.5758,-2.3544,-7.1488,2.7307,5,4,3,2
28,52,talde,Basque,NOUN,18,yes,-7.0234,2.2719,-1.5857,0.3376,0.6835,0.6366,-2.3566,-6.9293,1.1977,5,4,3,2
29,53,sendo,Basque,ADJ,431,yes,1.7344,1.4897,1.4452,0.5876,0.6545,0.764,2.0439,0.562,-1.301,1,1,1,1
30,54,osatu,Basque,VERB,134,yes,-0.3049,1.739,-0.0874,0.5294,0.6637,0.6996,1.164,-1.2059,0.077,1,1,1,1
31,2103,iraun,Basque,VERB,444,yes,-4.4107,-0.9277,1.8721,0.4122,0.5647,0.7819,-3.5582,-2.3246,-1.8851,5,4,3,2
32,56,gehien,Basque,DET,188,yes,0.1709,-0.5649,2.9401,0.543,0.5782,0.8268,-0.6328,0.5659,-2.554,1,1,1,1
33,62,bera,Basque,DET,13,yes,-6.4135,0.402,-0.6156,0.355,0.6141,0.6774,-3.6265,-5.0028,0.5225,5,4,3,2
34,65,esan,Basque,VERB,14,yes,-8.3173,3.4868,-3.5774,0.3007,0.7286,0.5529,-2.2374,-8.3789,3.2985,5,4,3,2
35,67,egin,Basque,VERB,7,yes,-14.9811,7.5678,-10.1156,0.1105,0.8801,0.2781,-3.579,-17.0513,8.3916,3,3,2,2
36,69,hiri,Basque,NOUN,192,yes,-0.2946,1.1404,3.1621,0.5297,0.6415,0.8362,0.6367,-1.0978,-3.3379,1,1,1,1
37,70,gu,Basque,PRON,46,yes,-1.6361,1.4621,-0.1133,0.4914,0.6535,0.6985,0.3248,-2.0501,-0.0423,5,4,3,2
38,71,errespetu,Basque,NOUN,463,yes,2.7347,0.5515,1.1242,0.6162,0.6197,0.7505,2.1044,1.5509,-0.9038,1,1,1,1
39,72,handi,Basque,ADJ,34,yes,-5.6112,-2.3303,1.6222,0.3779,0.5127,0.7714,-5.3379,-2.5654,-1.5419,5,4,3,2
40,73,alaves,Basque,PROPN,228,yes,2.0427,-0.7084,-2.3724,0.5964,0.5729,0.6035,1.0876,1.889,2.2511,1,1,1,1
41,74,espero,Basque,NOUN,299,yes,16.1834,-9.4694,-16.7313,1.0,0.2476,0.0,4.2592,17.7525,13.713,2,2,1,1
42,75,partidu,Basque,NOUN,40,yes,-3.7038,1.968,-1.2279,0.4324,0.6722,0.6516,-0.4101,-4.177,0.9243,5,4,3,2
43,76,on,Basque,ADJ,36,yes,-2.7218,1.5524,0.0736,0.4604,0.6568,0.7063,-0.3313,-2.8686,-0.3533,5,4,3,2
44,77,hiru,Basque,NUM,50,yes,-3.7672,-1.7906,0.8304,0.4306,0.5327,0.7382,-3.6985,-1.8491,-0.8334,5,4,3,2
45,78,puntu,Basque,NOUN,231,yes,-1.2117,-0.6516,-0.3721,0.5035,0.575,0.6876,-0.9813,-0.7149,0.3369,5,4,3,2
46,79,irabazi,Basque,VERB,41,yes,-7.2408,2.8954,-0.5508,0.3314,0.7067,0.6801,-2.1461,-7.0891,0.116,5,4,3,2
47,80,beraz,Basque,CCONJ,131,yes,6.0339,1.647,-2.3431,0.7103,0.6603,0.6048,5.1373,3.4682,2.1684,2,2,1,1
48,81,elkar,Basque,PRON,414,yes,0.4307,-0.9496,0.8906,0.5504,0.5639,0.7407,-0.4819,1.0847,-0.6612,1,1,1,1
49,82,neurri,Basque,NOUN,476,yes,7.7477,2.772,-0.4685,0.7592,0.7021,0.6836,6.9703,4.0726,0.1092,2,2,1,1
50,83,hartu,Basque,VERB,22,yes,-10.0334,3.614,-2.7801,0.2517,0.7334,0.5864,-3.3503,-9.7825,2.3903,5,4,3,2
51,84,modu,Basque,NOUN,89,yes,-0.2743,1.2514,-3.0563,0.5303,0.6456,0.5748,1.1894,-1.0681,2.8775,5,4,3,2
52,85,urre,Basque,NOUN,390,yes,-1.184,-1.2899,2.5552,0.5043,0.5513,0.8107,-1.771,-0.1037,-2.3433,1,1,1,1
53,86,kendu,Basque,VERB,296,yes,-1.3876,0.116,-0.5646,0.4985,0.6035,0.6795,-0.5726,-1.0286,0.5997,5,4,3,2
54,87,jaso,Basque,VERB,103,yes,-5.7092,1.2046,0.3875,0.3751,0.6439,0.7195,-2.4715,-4.8547,-0.6548,5,4,3,2
55,88,baina,Basque,CCONJ,11,yes,-4.5185,2.192,-4.001,0.4091,0.6806,0.5351,-0.773,-4.6306,3.8016,5,4,3,2
56,90,gogoratu,Basque,VERB,491,yes,1.6064,1.3789,0.3001,0.5839,0.6504,0.7159,1.9249,0.4724,-0.0539,1,1,1,1
57,92,izen,Basque,NOUN,102,yes,1.2098,1.3286,0.1319,0.5726,0.6485,0.7088,1.8616,0.0234,-0.1471,1,1,1,1
58,94,zer,Basque,DET,64,yes,-0.1849,0.8523,-1.8286,0.5328,0.6308,0.6264,0.7077,-0.5752,1.8642,5,4,3,2
59,104,onartu,Basque,VERB,137,yes,-2.2429,4.0104,1.6661,0.4741,0.7481,0.7733,1.6894,-3.8771,-2.2587,5,4,3,2
60,106,gertatu,Basque,VERB,61,yes,-5.5807,2.2386,-1.917,0.3788,0.6823,0.6227,-1.5675,-5.4604,1.7381,5,4,3,2
61,107,jokalari,Basque,NOUN,45,yes,-4.9639,2.5,-0.123,0.3964,0.692,0.6981,-0.9315,-5.2197,-0.3064,5,4,3,2
62,109,donostia,Basque,PROPN,470,yes,5.3918,2.1743,3.4142,0.692,0.6799,0.8468,4.502,2.8041,-3.204,2,2,1,1
63,110,aurrelari,Basque,NOUN,446,yes,0.6699,2.2833,3.8858,0.5572,0.6839,0.8666,1.7446,-0.4231,-3.7656,1,1,1,1
64,111,entrenamendu,Basque,NOUN,499,yes,-1.3146,-4.6528,-1.2019,0.5006,0.4264,0.6527,-4.1745,1.6095,1.5301,4,4,3,2
65,113,amaitu,Basque,VERB,152,yes,0.5736,2.2738,-0.9597,0.5545,0.6836,0.6629,2.3656,-0.9053,0.7543,5,4,3,2
66,114,etxe,Basque,NOUN,84,yes,-0.1062,0.5325,-0.4091,0.5351,0.6189,0.6861,0.5401,-0.4749,0.4042,1,1,1,1
67,115,heldu,Basque,VERB,174,yes,-1.8469,0.9802,0.4751,0.4854,0.6356,0.7232,-0.3193,-1.9349,-0.4547,5,4,3,2
68,116,buru,Basque,NOUN,123,yes,-0.8177,1.4519,0.2504,0.5148,0.6531,0.7138,0.7556,-1.498,-0.3997,5,4,3,2
69,119,joan,Basque,VERB,33,yes,-6.7332,3.262,-1.8382,0.3459,0.7203,0.626,-1.4265,-6.9256,1.5056,5,4,3,2
70,120,erabaki,Basque,NOUN,263,yes,-3.6075,3.2594,-0.364,0.4351,0.7202,0.688,0.4708,-4.4509,0.0161,5,4,3,2
71,121,une,Basque,NOUN,212,yes,0.6778,0.478,-0.3599,0.5574,0.6169,0.6881,0.9821,0.0657,0.3548,1,1,1,1
72,122,haiek,Basque,DET,259,yes,2.2715,-1.4185,-0.0807,0.6029,0.5465,0.6999,0.1234,2.485,0.4995,2,2,1,1
73,124,arazo,Basque,NOUN,100,yes,-1.1985,2.5443,2.0287,0.5039,0.6936,0.7885,1.1619,-2.4262,-2.2717,5,4,3,2
74,128,izan,Basque,VERB,5,yes,-18.6724,10.7635,-13.0703,0.0052,0.9988,0.1539,-3.6029,-22.3747,11.041,3,3,2,2
75,129,hitz,Basque,NOUN,176,yes,3.8582,0.8814,-1.5664,0.6482,0.6319,0.6374,3.2214,2.1698,1.5785,1,1,1,1
76,130,guzti,Basque,DET,35,yes,-2.4424,1.3029,0.1374,0.4684,0.6475,0.709,-0.5053,-2.5059,-0.0885,5,4,3,2
77,131,bakoitz,Basque,ADJ,170,yes,-3.4408,-3.2971,1.1879,0.4399,0.4768,0.7532,-4.393,-0.6442,-1.1837,4,4,3,2
78,134,eebb,Basque,PROPN,308,yes,0.1764,-0.5178,1.4132,0.5431,0.58,0.7627,-0.2931,0.4931,-1.3087,1,1,1,1
79,136,egon,Basque,AUX,25,yes,-13.5939,6.2313,-7.7615,0.1501,0.8305,0.377,-3.6861,-14.8082,5.9239,3,3,2,2
80,2186,pozik,Basque,ADV,424,yes,3.3065,-4.8279,0.9728,0.6325,0.4199,0.7441,-1.8459,4.8663,-0.5198,1,1,1,1
81,139,bildu,Basque,VERB,130,yes,-2.8528,1.2674,-0.6522,0.4567,0.6462,0.6758,-0.5977,-2.8107,0.5682,5,4,3,2
82,140,jakin,Basque,VERB,44,yes,-5.1505,2.541,-3.8497,0.3911,0.6935,0.5414,-0.9277,-5.347,3.5684,5,4,3,2
83,141,aipatu,Basque,VERB,132,yes,-4.7791,0.0991,1.4532,0.4017,0.6029,0.7643,-2.876,-3.5936,-1.609,5,4,3,2
84,146,hori,Basque,DET,10,yes,-7.6555,1.7067,-2.1761,0.3196,0.6625,0.6118,-3.2816,-6.7802,1.9653,5,4,3,2
85,148,bi,Basque,NUM,17,yes,-6.8465,-1.4041,-0.4761,0.3427,0.547,0.6832,-5.0809,-4.3418,0.2781,5,4,3,2
86,153,azpimarratu,Basque,VERB,215,yes,-3.4652,0.7019,2.2175,0.4392,0.6252,0.7965,-1.8405,-2.7705,-2.2178,5,4,3,2
87,2202,iritzi,Basque,NOUN,258,yes,1.2879,3.0466,2.2734,0.5749,0.7123,0.7988,2.9271,-0.6757,-2.451,1,1,1,1
88,2203,nabarmendu,Basque,VERB,374,yes,3.2075,2.4743,-0.2959,0.6296,0.691,0.6908,3.953,0.851,0.15,1,1,1,1
89,155,gizon,Basque,NOUN,262,yes,0.5252,0.0398,-0.0916,0.5531,0.6007,0.6994,0.4466,0.28,0.1934,1,1,1,1
90,154,esperientzia,Basque,NOUN,377,yes,4.5564,1.1666,-0.1942,0.6681,0.6425,0.6951,3.6326,2.5884,0.2975,1,1,1,1
91,2207,atxilotu,Basque,VERB,162,yes,-0.8696,1.2367,-0.5261,0.5133,0.6451,0.6811,0.6733,-1.386,0.3829,5,4,3,2
92,160,zati,Basque,NOUN,224,yes,-1.9991,-1.2058,1.5071,0.481,0.5544,0.7666,-2.1171,-0.8339,-1.4025,5,4,3,2
93,161,hauek,Basque,DET,68,yes,-3.0173,-2.1099,0.5304,0.452,0.5208,0.7255,-3.3761,-1.0883,-0.4642,5,4,3,2
94,163,egon,Basque,AUX,25,yes,-5.4746,2.3597,-1.0918,0.3818,0.6868,0.6574,-1.4944,-5.2981,0.9744,5,4,3,2
95,164,toki,Basque,NOUN,394,yes,-1.0102,-2.8416,0.4432,0.5093,0.4937,0.7219,-2.6205,0.7891,-0.1573,1,1,1,1
96,170,behar,Basque,NOUN,16,yes,0.5389,1.9022,-0.0394,0.5535,0.6698,0.7016,1.8078,-0.7376,0.0289,1,1,1,1
97,172,arrazoi,Basque,NOUN,412,yes,3.6307,1.2227,-1.3876,0.6417,0.6446,0.6449,3.2484,1.9304,1.372,1,1,1,1
98,173,diru,Basque,NOUN,253,yes,2.8175,2.6614,0.3046,0.6185,0.698,0.7161,3.6724,0.7153,-0.2725,1,1,1,1
99,2223,irten,Basque,VERB,256,yes,-0.5173,1.8883,1.9253,0.5233,0.6693,0.7842,1.0921,-1.4217,-1.9649,5,4,3,2
100,180,ukan,Basque,AUX,62,yes,-1.7603,0.6196,-0.9785,0.4879,0.6222,0.6621,-0.5757,-1.5149,1.1394,5,4,3,2
101,184,beste,Basque,DET,21,yes,-5.8992,-1.0151,-0.3187,0.3697,0.5615,0.6899,-4.2425,-3.7847,0.1624,5,4,3,2
102,186,lagun,Basque,NOUN,75,yes,-0.0157,2.3753,0.6967,0.5376,0.6874,0.7325,2.0068,-1.6703,-0.9861,5,4,3,2
103,189,iragan,Basque,VERB,411,yes,-3.4704,4.2813,5.5195,0.439,0.7581,0.9353,0.5362,-5.174,-8.8631,1,1,1,1
104,191,tolosa,Basque,PROPN,450,yes,6.1262,-2.1017,-2.8603,0.7129,0.5211,0.583,2.2094,5.6561,3.1485,2,2,1,1
105,194,oso,Basque,ADJ,149,yes,-6.4969,-0.805,4.3289,0.3527,0.5693,0.8852,-5.1312,-4.0022,-4.5795,5,4,3,2
106,195,gazte,Basque,ADJ,395,yes,0.849,-0.724,1.7336,0.5623,0.5723,0.7761,-0.1311,1.134,-1.469,1,1,1,1
107,196,euskal,Basque,PROPN,335,yes,-2.6391,-1.5913,3.251,0.4628,0.5401,0.8399,-3.205,-0.7787,-2.9867,5,4,3,2
108,199,sei,Basque,NUM,221,yes,-7.8832,-7.9731,1.2887,0.3131,0.3032,0.7574,-10.8318,-1.0379,-1.5132,4,4,3,2
109,200,oso,Basque,ADJ,149,yes,-7.0458,-7.3299,1.3132,0.337,0.327,0.7585,-9.7659,-0.8327,-1.4488,4,4,3,2
110,203,garaipen,Basque,NOUN,94,yes,0.2273,0.9607,0.6212,0.5446,0.6348,0.7294,0.9018,-0.4707,-0.64,1,1,1,1
111,207,eduki,Basque,VERB,54,yes,-6.8731,2.4265,-0.7268,0.3419,0.6893,0.6727,-2.3312,-6.2773,0.524,5,4,3,2
112,212,lotu,Basque,VERB,329,yes,-2.4438,0.6646,3.6474,0.4683,0.6239,0.8566,-1.2137,-2.1017,-3.7432,1,1,1,1
113,215,prestatu,Basque,VERB,378,yes,-0.4955,-0.9662,0.1095,0.524,0.5633,0.7079,-0.8493,0.2959,-0.0874,1,1,1,1
114,217,kasu,Basque,NOUN,383,yes,11.07,-0.0471,-5.9598,0.8541,0.5974,0.4528,7.0069,8.1693,5.4118,2,2,1,1
115,218,berriz,Basque,CCONJ,133,yes,5.1302,0.4394,-3.916,0.6845,0.6155,0.5387,3.5331,3.5628,3.975,2,2,1,1
116,223,leku,Basque,NOUN,163,yes,-0.3912,0.1809,-0.534,0.5269,0.6059,0.6808,0.1332,-0.5285,0.4675,1,1,1,1
117,224,iruditu,Basque,VERB,145,yes,-1.4834,2.4245,-0.4178,0.4958,0.6892,0.6857,1.0762,-2.409,0.2566,5,4,3,2
118,2271,itxi,Basque,VERB,265,yes,4.0264,2.3981,-2.4884,0.653,0.6882,0.5987,4.3297,1.7031,2.395,2,2,1,1
119,228,zail,Basque,ADJ,167,yes,2.1555,1.3717,-1.144,0.5996,0.6501,0.6552,2.5398,0.7907,1.0445,1,1,1,1
120,229,azken,Basque,NUM,26,yes,-7.9578,-6.3582,-0.7477,0.311,0.3631,0.6718,-9.4656,-2.117,0.5091,4,4,3,2
121,231,arren,Basque,CCONJ,98,yes,2.7407,2.0801,-0.599,0.6163,0.6764,0.6781,3.3574,0.8557,0.582,1,1,1,1
122,232,osasuna,Basque,PROPN,363,yes,1.4422,-3.4784,-0.1119,0.5793,0.47,0.6986,-1.5512,2.8741,0.1423,1,1,1,1
123,233,bost,Basque,NUM,185,yes,-7.5794,-7.3495,2.0691,0.3218,0.3263,0.7902,-10.2326,-1.2438,-2.3024,4,4,3,2
124,234,eraman,Basque,VERB,74,yes,-5.5811,2.4364,-0.9625,0.3788,0.6896,0.6628,-1.4121,-5.558,0.7307,5,4,3,2
125,236,gabe,Basque,ADV,393,yes,2.413,-0.6582,1.3598,0.607,0.5747,0.7604,0.7061,2.2905,-0.6489,1,1,1,1
126,238,bizi,Basque,ADJ,345,yes,5.6148,2.6555,2.2163,0.6984,0.6978,0.7964,5.3563,2.5715,-2.31,2,2,1,1
127,241,hau,Basque,DET,19,yes,-4.8112,0.5469,-0.3149,0.4008,0.6195,0.69,-2.4974,-3.8429,0.2904,5,4,3,2
128,2294,antolatu,Basque,VERB,306,yes,-2.5813,-1.9548,0.6692,0.4644,0.5266,0.7314,-3.037,-0.6151,-0.4647,5,4,3,2
129,250,ari_izan,Basque,VERB,300,yes,-2.9219,1.5975,3.7168,0.4547,0.6585,0.8595,-1.0269,-2.6424,-3.6439,5,4,3,2
130,256,txiki,Basque,ADJ,168,yes,-2.3855,-2.1932,3.0804,0.47,0.5177,0.8327,-3.7091,-0.2772,-2.6196,5,4,3,2
131,261,*ezan,Basque,AUX,42,yes,-3.1501,-1.4087,-2.1939,0.4482,0.5469,0.611,-2.6557,-1.502,2.2839,5,4,3,2
132,263,pentsatu,Basque,VERB,139,yes,-0.8643,2.6117,-1.4103,0.5134,0.6961,0.644,1.7789,-2.1542,1.0285,5,4,3,2
133,264,*edin,Basque,VERB,332,yes,-0.4991,0.1222,-2.1026,0.5239,0.6037,0.6149,-0.0194,-0.4012,2.2044,5,4,3,2
134,267,ireki,Basque,VERB,339,yes,0.3875,1.7084,0.3351,0.5492,0.6626,0.7173,1.5241,-0.5684,-0.2537,1,1,1,1
135,271,alde,Basque,NOUN,116,yes,-0.6067,2.662,-0.1234,0.5208,0.698,0.6981,1.8307,-2.0414,-0.1221,5,4,3,2
136,274,azaldu,Basque,VERB,83,yes,-6.0891,1.8904,1.0653,0.3643,0.6694,0.748,-2.3241,-5.5078,-1.4202,5,4,3,2
137,277,eskatu,Basque,VERB,82,yes,-5.2565,1.2977,-0.2045,0.3881,0.6474,0.6947,-2.0743,-4.6257,-0.0336,5,4,3,2
138,281,politiko,Basque,ADJ,136,yes,-0.1999,-0.3522,2.7442,0.5324,0.5861,0.8186,-0.8075,0.163,-2.3951,1,1,1,1
139,283,garai,Basque,NOUN,190,yes,3.9714,0.6551,-0.9939,0.6514,0.6235,0.6615,3.182,2.3051,0.8884,1,1,1,1
140,284,bizi,Basque,ADJ,345,yes,4.6244,-0.0964,0.0727,0.6701,0.5956,0.7063,2.7981,3.3057,0.0693,1,1,1,1
141,285,ezin,Basque,NOUN,128,yes,1.6144,3.0913,2.0704,0.5842,0.7139,0.7903,3.024,-0.2198,-1.8684,1,1,1,1
142,286,preso,Basque,NOUN,349,yes,0.4338,0.701,3.1103,0.5505,0.6252,0.834,0.5077,-0.1159,-2.9907,1,1,1,1
143,288,inor,Basque,PRON,183,yes,1.8548,1.674,0.6957,0.591,0.6613,0.7325,2.3947,0.5104,-0.6944,1,1,1,1
144,289,erakutsi,Basque,VERB,101,yes,-2.3375,1.4092,-0.0773,0.4714,0.6515,0.7,-0.3126,-2.5195,0.1051,5,4,3,2
145,293,atzo,Basque,ADV,28,yes,-2.054,-0.9384,-3.2466,0.4795,0.5643,0.5668,-1.48,-1.0684,3.1237,5,4,3,2
146,294,aritu,Basque,VERB,73,yes,-4.4759,2.3891,-1.4209,0.4103,0.6879,0.6435,-0.7042,-4.6832,1.1606,5,4,3,2
147,298,selekzio,Basque,NOUN,298,yes,1.3698,1.3907,1.7216,0.5772,0.6508,0.7756,1.7279,0.3978,-1.6082,1,1,1,1
148,299,gehiago,Basque,DET,96,yes,-1.34,1.8275,1.8418,0.4999,0.667,0.7807,0.3921,-1.8934,-1.8179,5,4,3,2
149,300,jokatu,Basque,VERB,32,yes,-7.246,3.4295,-1.357,0.3313,0.7265,0.6462,-1.6518,-7.4558,0.786,5,4,3,2
150,304,igo,Basque,VERB,274,yes,0.9657,3.4484,1.7544,0.5657,0.7272,0.777,3.089,-1.1893,-1.9694,1,1,1,1
151,310,oraindik,Basque,ADV,106,yes,5.154,1.3625,-2.2099,0.6852,0.6498,0.6104,4.4024,2.9716,2.1233,2,2,1,1
152,311,nafarroa,Basque,PROPN,246,yes,-0.8117,-2.1797,2.9152,0.5149,0.5183,0.8258,-2.4221,0.596,-2.5251,1,1,1,1
153,314,haur,Basque,NOUN,391,yes,1.1812,-4.9926,-2.1438,0.5718,0.4138,0.6131,-2.7427,3.6594,2.4185,4,4,3,2
154,315,jo,Basque,VERB,91,yes,-5.1216,1.5004,-0.4879,0.3919,0.6549,0.6827,-1.7773,-4.7605,0.2179,5,4,3,2
155,318,gol,Basque,NOUN,249,yes,-1.8107,-2.8316,1.1036,0.4864,0.494,0.7496,-3.131,0.2421,-0.9631,4,4,3,2
156,320,sartu,Basque,VERB,39,yes,-6.2158,2.4689,-2.7465,0.3607,0.6908,0.5878,-1.6333,-6.261,2.5201,5,4,3,2
157,321,atze,Basque,NOUN,248,yes,0.9836,-2.9085,-0.6749,0.5662,0.4912,0.6749,-1.5508,2.4324,1.26,1,1,1,1
158,323,inoiz,Basque,ADV,373,yes,-2.3967,-8.4465,-3.5762,0.4697,0.2856,0.5529,-7.5522,3.401,4.0141,4,4,3,2
159,325,aukera,Basque,NOUN,71,yes,-1.3543,0.5612,-0.9791,0.4994,0.62,0.6621,-0.1074,-1.448,0.8133,5,4,3,2
160,326,bikain,Basque,ADJ,245,yes,2.1714,-2.2123,1.0377,0.6001,0.517,0.7469,-0.8107,2.9374,-0.1674,1,1,1,1
161,332,geratu,Basque,VERB,138,yes,-3.0621,1.7596,0.727,0.4507,0.6645,0.7338,-0.5508,-3.1644,-0.8458,5,4,3,2
162,338,ordea,Basque,CCONJ,105,yes,3.8775,0.98,-2.8934,0.6488,0.6356,0.5816,3.286,2.3882,2.8131,2,2,1,1
163,2386,gela,Basque,NOUN,480,yes,-0.0693,-2.9951,1.6879,0.5361,0.488,0.7742,-2.1058,1.4782,-1.4973,1,1,1,1
164,341,markagailu,Basque,NOUN,439,yes,4.211,-1.5389,-0.8882,0.6583,0.542,0.6659,1.4918,3.9904,1.1987,2,2,1,1
165,342,itzuli,Basque,NOUN,360,yes,0.0956,0.8115,1.2717,0.5408,0.6293,0.7567,0.7566,-0.423,-1.2914,1,1,1,1
166,2391,akordio,Basque,NOUN,369,yes,1.57,-2.0557,-0.2949,0.5829,0.5229,0.6909,-0.5718,2.3999,0.6876,1,1,1,1
167,343,berri,Basque,NOUN,452,yes,-1.4223,1.146,2.3321,0.4975,0.6417,0.8013,-0.2949,-1.5749,-2.1486,5,4,3,2
168,349,era,Basque,NOUN,434,yes,3.3464,-0.5055,-0.6943,0.6336,0.5804,0.6741,1.6475,2.6887,0.9533,2,2,1,1
169,353,asmatu,Basque,VERB,385,yes,-1.1551,0.4899,-0.0329,0.5051,0.6174,0.7019,-0.3093,-1.0001,0.2007,5,4,3,2
170,2401,rojo,Basque,PROPN,406,yes,9.4769,-1.8056,-5.1051,0.8086,0.5321,0.4887,4.2716,8.1425,5.1637,2,2,1,1
171,356,helburu,Basque,NOUN,80,yes,-2.9887,0.5821,0.1579,0.4528,0.6208,0.7099,-1.3116,-2.6061,-0.2027,5,4,3,2
172,357,euskara,Basque,NOUN,282,yes,7.4518,2.2253,-0.0772,0.7508,0.6818,0.7,6.0877,4.1075,0.2531,2,2,1,1
173,360,egokitu,Basque,VERB,427,yes,-2.8915,1.2987,1.2803,0.4556,0.6474,0.7571,-0.8832,-2.7056,-1.4296,5,4,3,2
174,364,batzuk,Basque,DET,55,yes,-2.278,0.232,1.0461,0.4731,0.6078,0.7472,-1.2858,-1.8536,-0.9853,5,4,3,2
175,374,aste,Basque,NOUN,247,yes,0.2269,-0.6519,-0.174,0.5446,0.575,0.6959,-0.2299,0.2999,0.3452,1,1,1,1
176,376,batu,Basque,ADJ,311,yes,4.671,-2.4149,0.6677,0.6714,0.5095,0.7313,1.005,4.7553,-0.5116,1,1,1,1
177,378,prozesu,Basque,NOUN,474,yes,0.8688,-2.7399,-0.6117,0.5629,0.4974,0.6775,-1.6088,2.2247,1.0383,1,1,1,1
178,380,ardura,Basque,NOUN,475,yes,7.5025,-0.3908,-2.1168,0.7522,0.5847,0.6143,4.3669,5.6479,2.2558,2,2,1,1
179,382,utzi,Basque,VERB,47,yes,-3.8869,2.3275,-2.3576,0.4272,0.6856,0.6042,-0.2443,-4.3258,2.0816,5,4,3,2
180,383,ikusi,Basque,VERB,30,yes,-7.9302,2.8935,-2.8409,0.3118,0.7066,0.5838,-2.455,-7.7057,2.5338,5,4,3,2
181,386,bide,Basque,NOUN,108,yes,-1.3566,1.4328,-0.7363,0.4994,0.6524,0.6723,0.4523,-1.9181,0.5076,5,4,3,2
182,395,agertu,Basque,VERB,92,yes,-4.7483,1.6289,-0.1602,0.4026,0.6597,0.6965,-1.5096,-4.3898,-0.0007,5,4,3,2
183,396,ongi,Basque,ADV,205,yes,0.7666,2.6829,1.5583,0.56,0.6988,0.7688,2.3438,-0.8706,-1.7516,5,4,3,2
184,403,minutu,Basque,NOUN,125,yes,-1.6877,0.6507,1.6984,0.4899,0.6233,0.7746,-0.3854,-1.949,-1.7961,5,4,3,2
185,404,aurre,Basque,NOUN,70,yes,3.0161,1.3983,-1.9776,0.6242,0.6511,0.6201,3.1269,1.3247,1.9494,1,1,1,1
186,406,egia,Basque,NOUN,432,yes,5.673,2.2092,0.4288,0.7,0.6812,0.7213,4.8313,3.2143,-0.1503,2,2,1,1
187,409,aldatu,Basque,VERB,346,yes,0.8977,3.4986,1.7565,0.5637,0.7291,0.7771,3.1166,-1.2706,-1.911,1,1,1,1
188,418,kanpo,Basque,NOUN,486,yes,1.9607,1.594,3.2999,0.5941,0.6584,0.842,2.074,0.6634,-3.0937,1,1,1,1
189,419,gelditu,Basque,VERB,200,yes,-1.3119,2.1718,2.0725,0.5007,0.6798,0.7904,0.7467,-2.1776,-2.103,5,4,3,2
190,421,lur,Basque,NOUN,180,yes,-1.445,-1.9104,0.3968,0.4969,0.5282,0.7199,-2.2078,-0.0151,-0.2566,5,4,3,2
191,424,aitzin,Basque,NOUN,381,yes,-0.3531,-2.0643,2.4651,0.528,0.5225,0.8069,-2.0718,0.9161,-1.977,1,1,1,1
192,425,hobeto,Basque,ADV,490,yes,2.1038,1.0167,0.3847,0.5981,0.6369,0.7194,1.7836,1.3853,-0.1827,1,1,1,1
193,427,soldadu,Basque,NOUN,354,yes,-1.8057,-4.6989,-0.0501,0.4866,0.4247,0.7012,-4.4018,1.2308,0.1895,4,4,3,2
194,429,hil,Basque,VERB,48,yes,-4.5792,2.472,-0.7453,0.4074,0.691,0.6719,-0.8634,-4.667,0.6089,5,4,3,2
195,432,irakurri,Basque,VERB,384,yes,-3.1476,-2.503,0.4046,0.4483,0.5062,0.7203,-3.9369,-0.6234,-0.0916,4,4,3,2
196,433,gustura,Basque,ADV,404,yes,4.2883,-0.6869,0.9643,0.6605,0.5737,0.7438,1.8737,3.4157,-0.6077,1,1,1,1
197,439,horrela,Basque,ADV,141,yes,3.6746,1.5242,-0.8409,0.643,0.6558,0.6679,3.382,1.9067,0.9598,1,1,1,1
198,442,garrantzitsu,Basque,ADJ,124,yes,1.4224,1.1066,-0.7045,0.5787,0.6403,0.6736,1.7744,0.3814,0.8716,1,1,1,1
199,445,gaur,Basque,ADV,59,yes,0.2483,2.1843,-1.9171,0.5452,0.6803,0.6227,2.1176,-1.0263,1.6727,5,4,3,2
200,448,esku,Basque,NOUN,315,yes,4.0329,0.3181,-0.2163,0.6532,0.611,0.6942,2.8707,2.5984,0.2718,1,1,1,1
201,450,boto,Basque,NOUN,371,yes,1.7598,3.0543,4.9774,0.5883,0.7126,0.9125,3.0683,-0.4285,-5.1192,1,1,1,1
202,451,txartel,Basque,NOUN,275,yes,-1.5279,-1.5047,2.2537,0.4945,0.5433,0.798,-2.0063,-0.2948,-2.0905,1,1,1,1
203,452,kontu,Basque,NOUN,191,yes,2.2835,2.9803,1.4909,0.6033,0.7098,0.7659,3.6761,-0.0499,-1.7297,1,1,1,1
204,453,behar_izan,Basque,VERB,88,yes,-2.0751,2.1496,-2.1354,0.4789,0.679,0.6135,0.6297,-2.7701,1.9353,5,4,3,2
205,459,ondoren,Basque,ADV,90,yes,0.2465,-0.2175,-1.9087,0.5451,0.5911,0.623,0.1428,0.4786,1.9915,5,4,3,2
206,462,itzuli,Basque,NOUN,360,yes,-1.701,2.2345,0.4979,0.4895,0.6821,0.7242,0.7352,-2.4944,-0.6691,5,4,3,2
207,471,baliatu,Basque,VERB,498,yes,7.1508,2.0393,-3.16,0.7422,0.6749,0.5704,6.3068,4.0604,2.5424,2,2,1,1
208,475,urte,Basque,NOUN,20,yes,-5.7191,2.14,0.4085,0.3749,0.6786,0.7204,-1.7032,-5.8176,-0.8055,5,4,3,2
209,476,gutxi,Basque,DET,277,yes,0.0777,-0.0917,1.3607,0.5403,0.5958,0.7604,-0.1539,0.1744,-1.1317,1,1,1,1
210,479,irail,Basque,NOUN,497,yes,1.2635,-3.2521,0.7042,0.5742,0.4784,0.7329,-1.9452,2.803,-0.1415,1,1,1,1
211,482,bihar,Basque,ADV,320,yes,7.1081,1.1897,-2.9155,0.741,0.6433,0.5807,5.2885,4.6327,2.8288,2,2,1,1
212,484,bakar,Basque,ADJ,87,yes,-2.0178,-0.3217,-0.0679,0.4805,0.5872,0.7004,-1.4671,-1.1087,0.2267,5,4,3,2
213,496,atentatu,Basque,NOUN,187,yes,-0.2484,-0.1233,1.7193,0.531,0.5946,0.7755,-0.3041,-0.207,-1.7258,1,1,1,1
214,499,ondo,Basque,ADV,109,yes,-0.7462,-1.829,-2.0046,0.5168,0.5313,0.619,-1.5344,0.4593,2.0437,4,4,3,2
215,502,saiatu,Basque,VERB,156,yes,-0.9641,0.9563,-1.6818,0.5106,0.6347,0.6326,0.2908,-1.216,1.6899,5,4,3,2
216,2551,irakasle,Basque,NOUN,451,yes,9.1537,2.146,-3.2137,0.7994,0.6789,0.5682,7.228,5.6829,2.9318,2,2,1,1
217,503,hor,Basque,ADV,401,yes,11.3239,0.4552,-5.8065,0.8613,0.6161,0.4592,7.0629,8.3678,5.525,2,2,1,1
218,510,lehen,Basque,NUM,52,yes,-5.4556,-2.8276,1.7161,0.3824,0.4942,0.7754,-5.7001,-2.3206,-1.6846,5,4,3,2
219,512,israel,Basque,PROPN,326,yes,3.6203,-0.0492,2.864,0.6414,0.5973,0.8236,1.7815,2.7376,-2.1763,1,1,1,1
220,516,polizia,Basque,NOUN,203,yes,-0.1851,0.1177,2.0551,0.5328,0.6035,0.7896,-0.0323,-0.229,-1.9937,1,1,1,1
221,517,txapelketa,Basque,NOUN,270,yes,-1.6107,-0.7902,0.2932,0.4921,0.5698,0.7156,-1.5832,-0.7376,-0.1843,5,4,3,2
222,518,hasiera,Basque,NOUN,104,yes,-0.1339,1.3572,-0.3874,0.5343,0.6496,0.687,1.1168,-0.9339,0.382,1,1,1,1
223,523,hanka,Basque,NOUN,357,yes,1.2047,-1.6565,-0.7419,0.5725,0.5377,0.6721,-0.3067,1.7733,0.804,1,1,1,1
224,526,atera,Basque,VERB,65,yes,-4.5489,2.2039,-2.296,0.4083,0.681,0.6068,-0.7998,-4.7445,2.0959,5,4,3,2
225,530,denbora,Basque,NOUN,195,yes,-0.399,1.3479,2.3544,0.5267,0.6492,0.8022,0.8205,-1.24,-2.688,1,1,1,1
226,533,ibili,Basque,VERB,110,yes,-4.1561,2.2558,-0.0319,0.4195,0.6829,0.7019,-0.74,-4.2427,-0.1364,5,4,3,2
227,536,bai,Basque,PART,181,yes,8.7103,3.503,-1.1348,0.7867,0.7292,0.6556,8.1704,4.4628,0.5018,2,2,1,1
228,537,neska,Basque,NOUN,286,yes,1.2692,0.5822,1.2219,0.5743,0.6208,0.7546,1.0521,1.0586,-1.1937,1,1,1,1
229,541,orduan,Basque,ADV,379,yes,5.1863,-3.3496,-4.261,0.6861,0.4748,0.5242,0.6928,5.8104,4.5828,2,2,1,1
230,545,fitxatu,Basque,VERB,331,yes,2.4501,2.1614,-0.7245,0.608,0.6794,0.6728,3.4782,0.4263,0.2211,1,1,1,1
231,547,galdu,Basque,VERB,60,yes,-6.1552,2.7097,-0.673,0.3624,0.6998,0.675,-1.5418,-6.1751,0.3151,5,4,3,2
232,549,hautagai,Basque,NOUN,197,yes,-1.3049,1.7026,2.3913,0.5009,0.6624,0.8038,0.4033,-1.9522,-2.549,5,4,3,2
233,557,herrialde,Basque,NOUN,287,yes,-1.5227,0.479,4.561,0.4946,0.617,0.895,-0.8289,-1.6103,-4.7218,1,1,1,1
234,560,nagusi,Basque,ADJ,58,yes,-3.31,-0.5775,3.5512,0.4436,0.5777,0.8525,-2.8951,-1.9748,-3.4962,5,4,3,2
235,561,bertan,Basque,ADV,142,yes,4.2686,2.6218,0.0867,0.6599,0.6965,0.7069,4.6689,1.5484,-0.2423,1,1,1,1
236,563,ur,Basque,NOUN,328,yes,-0.5678,-0.7186,0.944,0.5219,0.5725,0.7429,-1.0018,0.0847,-0.718,1,1,1,1
237,569,ontzi,Basque,NOUN,366,yes,0.8822,-2.432,-1.0435,0.5633,0.5089,0.6594,-1.1745,1.9032,1.3013,1,1,1,1
238,571,sekula,Basque,ADV,398,yes,5.82,-0.6881,-2.3364,0.7042,0.5736,0.6051,3.1962,4.5889,2.5443,2,2,1,1
239,574,erantzun,Basque,NOUN,358,yes,-1.1357,1.3499,-0.5584,0.5057,0.6493,0.6798,0.4898,-1.4951,0.4356,5,4,3,2
240,577,nahi,Basque,NOUN,24,yes,2.2966,0.9143,-1.1647,0.6036,0.6331,0.6543,2.1176,1.2634,1.2191,1,1,1,1
241,585,berri,Basque,NOUN,452,yes,5.5535,1.6547,-0.8321,0.6966,0.6606,0.6683,4.7269,3.0587,0.7126,2,2,1,1
242,592,arratsalde,Basque,NOUN,399,yes,4.9728,-1.2555,-1.7364,0.68,0.5526,0.6303,1.9699,4.4188,2.1091,2,2,1,1
243,597,indar,Basque,NOUN,153,yes,3.1916,1.839,0.2178,0.6292,0.6675,0.7124,3.4313,1.1544,-0.3151,1,1,1,1
244,600,eraso,Basque,NOUN,148,yes,0.5761,1.5562,0.7118,0.5545,0.657,0.7332,1.6077,-0.5222,-0.818,1,1,1,1
245,602,aurkeztu,Basque,VERB,81,yes,-4.4556,2.6847,2.0628,0.4109,0.6989,0.79,-0.7841,-4.7443,-2.3803,5,4,3,2
246,603,alderdi,Basque,NOUN,79,yes,-1.8092,0.8537,0.2972,0.4865,0.6309,0.7157,-0.328,-2.0123,-0.3567,5,4,3,2
247,604,hainbat,Basque,DET,147,yes,-7.6464,-9.1124,-0.4624,0.3199,0.2609,0.6838,-11.6093,0.0132,0.5909,4,4,3,2
248,2654,kale,Basque,NOUN,317,yes,-0.2132,-4.8821,-2.1753,0.532,0.4179,0.6118,-3.4338,2.5674,2.4108,4,4,3,2
249,608,salatu,Basque,VERB,241,yes,1.4624,1.6349,-0.2391,0.5798,0.6599,0.6932,2.2275,0.1441,0.285,1,1,1,1
250,610,ama,Basque,NOUN,301,yes,0.4956,-0.501,-0.1075,0.5522,0.5806,0.6987,-0.1059,0.8203,0.3581,1,1,1,1
251,2675,zerbait,Basque,PRON,290,yes,1.4835,-0.4386,0.3035,0.5804,0.5829,0.716,0.5163,1.3912,-0.0493,1,1,1,1
252,628,hauteskunde,Basque,NOUN,140,yes,-1.2467,1.3653,4.1667,0.5025,0.6499,0.8784,-0.0563,-1.7251,-4.3522,1,1,1,1
253,631,ate,Basque,NOUN,293,yes,3.0592,0.568,-1.2014,0.6254,0.6203,0.6528,2.2737,2.0314,1.3655,1,1,1,1
254,642,oste,Basque,NOUN,202,yes,0.4153,-0.4725,-1.9858,0.5499,0.5816,0.6198,0.0839,0.6213,2.0846,5,4,3,2
255,2695,eh,Basque,PROPN,218,yes,7.2084,4.3909,1.2087,0.7438,0.7622,0.7541,7.5887,2.9376,-1.4251,2,2,1,1
256,647,berezi,Basque,ADJ,146,yes,-2.4236,-1.8643,2.6666,0.4689,0.53,0.8153,-3.2679,-0.5348,-2.2392,5,4,3,2
257,649,enpresa,Basque,NOUN,199,yes,-0.5238,0.0836,3.0052,0.5231,0.6023,0.8296,-0.6049,-0.4583,-2.8743,1,1,1,1
258,650,mundu,Basque,NOUN,150,yes,-3.4466,-0.6821,1.375,0.4397,0.5739,0.761,-2.5194,-2.2544,-1.4982,5,4,3,2
259,651,pertsona,Basque,NOUN,283,yes,2.6822,1.3113,-0.1492,0.6147,0.6479,0.697,2.6601,1.2545,0.1163,1,1,1,1
260,2696,upn,Basque,PROPN,443,yes,2.1836,-1.3412,3.6812,0.6004,0.5494,0.858,-0.0405,2.1572,-3.1116,1,1,1,1
261,657,jende,Basque,NOUN,121,yes,0.141,1.1746,1.7554,0.5421,0.6428,0.777,1.0077,-0.5839,-2.0911,1,1,1,1
262,658,ugari,Basque,DET,318,yes,-6.4163,-9.9575,-0.1362,0.355,0.2295,0.6975,-11.8482,1.7153,0.8981,4,4,3,2
263,661,aurkari,Basque,NOUN,417,yes,6.4933,1.1516,-0.2528,0.7234,0.6419,0.6926,4.9838,3.9068,0.228,2,2,1,1
264,665,batasun,Basque,NOUN,266,yes,3.0132,0.2526,0.6467,0.6241,0.6086,0.7304,2.1401,1.9851,-0.5736,1,1,1,1
265,676,asko,Basque,ADV,264,yes,-2.9066,-0.8264,1.3078,0.4551,0.5685,0.7582,-2.4495,-1.6112,-1.1644,5,4,3,2
266,679,giro,Basque,NOUN,216,yes,-3.0414,-1.5493,0.578,0.4513,0.5417,0.7275,-2.9276,-1.283,-0.4559,5,4,3,2
267,680,hirugarren,Basque,NUM,348,yes,1.5491,0.6895,2.7588,0.5823,0.6248,0.8192,0.9486,0.89,-2.2361,1,1,1,1
268,681,ibilbide,Basque,NOUN,485,yes,6.3542,2.229,2.2801,0.7195,0.6819,0.7991,5.4388,3.231,-2.1875,2,2,1,1
269,692,erritmo,Basque,NOUN,334,yes,-3.6219,-2.2856,2.4056,0.4347,0.5143,0.8044,-3.957,-1.2194,-2.371,5,4,3,2
270,693,asko,Basque,ADV,264,yes,-1.2478,-1.2897,1.4864,0.5025,0.5513,0.7657,-2.0355,0.1625,-0.891,1,1,1,1
271,695,azkenean,Basque,ADV,172,yes,-0.3513,-2.4247,-2.0456,0.5281,0.5092,0.6173,-1.8625,1.2885,2.2465,4,4,3,2
272,696,txar,Basque,ADJ,351,yes,0.4546,0.9971,6.4509,0.5511,0.6362,0.9744,0.4577,-0.3551,-6.7693,1,1,1,1
273,697,final,Basque,NOUN,236,yes,-1.8885,-1.5815,2.3335,0.4842,0.5405,0.8013,-2.3773,-0.4474,-2.1568,1,1,1,1
274,2750,proposamen,Basque,NOUN,337,yes,0.7138,-0.9496,0.4756,0.5585,0.5639,0.7232,-0.2995,1.06,-0.3268,1,1,1,1
275,705,egoera,Basque,NOUN,111,yes,-0.5746,2.616,2.4806,0.5217,0.6963,0.8075,1.5418,-1.988,-2.7342,5,4,3,2
276,707,uste,Basque,NOUN,63,yes,3.1593,2.5853,-0.2336,0.6283,0.6952,0.6934,3.9415,0.8833,0.089,1,1,1,1
277,712,erabili,Basque,VERB,69,yes,-4.7166,1.4532,-0.9296,0.4035,0.6531,0.6642,-1.5168,-4.3171,0.6604,5,4,3,2
278,714,banatu,Basque,VERB,422,yes,1.282,-0.2662,-0.4039,0.5747,0.5893,0.6863,0.5943,1.313,0.6384,1,1,1,1
279,720,larri,Basque,ADJ,244,yes,0.8763,-1.6359,0.9135,0.5631,0.5384,0.7417,-1.0214,1.7485,-0.2209,1,1,1,1
280,2775,zigor,Basque,NOUN,436,yes,0.143,-1.865,1.1728,0.5422,0.5299,0.7526,-1.3822,1.2328,-0.7695,1,1,1,1
281,727,harri,Basque,NOUN,268,yes,-2.0378,-0.9887,1.005,0.4799,0.5625,0.7455,-1.9086,-0.9841,-1.0579,5,4,3,2
282,730,kilo,Basque,NOUN,229,yes,6.2998,1.175,-1.1504,0.7179,0.6428,0.6549,4.895,3.8414,1.0247,2,2,1,1
283,2786,egun,Basque,ADV,405,yes,6.1313,3.1244,1.9876,0.7131,0.7152,0.7868,5.8688,2.8499,-1.8969,2,2,1,1
284,740,aldaketa,Basque,NOUN,113,yes,-1.1911,-0.2337,0.4436,0.5041,0.5905,0.7219,-0.8381,-0.9369,-0.4346,5,4,3,2
285,743,espainia,Basque,PROPN,129,yes,-0.1094,-0.4552,1.7769,0.535,0.5823,0.7779,-0.6348,0.2721,-1.5458,1,1,1,1
286,749,nola,Basque,ADV,118,yes,-1.7913,-3.5083,-2.564,0.487,0.4689,0.5955,-3.462,0.9145,2.7331,4,4,3,2
287,750,alberto,Basque,PROPN,479,yes,2.6645,-4.2341,0.4424,0.6141,0.442,0.7219,-1.7659,4.2159,0.1547,1,1,1,1
288,754,maila,Basque,NOUN,77,yes,-2.9006,0.8314,0.3474,0.4553,0.63,0.7179,-0.9189,-2.8624,-0.6128,5,4,3,2
289,755,alemania,Basque,PROPN,343,yes,6.0988,1.5931,1.079,0.7122,0.6583,0.7486,4.7781,3.5596,-1.0114,2,2,1,1
290,760,ezagutu,Basque,VERB,184,yes,-1.5809,2.0166,0.9661,0.493,0.674,0.7439,0.4755,-2.2438,-0.9037,5,4,3,2
291,761,ezer,Basque,PRON,284,yes,-3.2613,-7.2909,-2.0982,0.445,0.3285,0.6151,-7.0767,1.9522,2.3885,4,4,3,2
292,764,bukatu,Basque,VERB,478,yes,0.9874,-0.3344,0.4244,0.5663,0.5868,0.7211,0.3027,0.9851,-0.1655,1,1,1,1
293,765,lehenengo,Basque,NUM,261,yes,0.2313,-1.9717,2.292,0.5447,0.526,0.7996,-1.9415,1.4672,-1.5648,1,1,1,1
294,769,kolore,Basque,NOUN,425,yes,4.2424,-1.6093,-1.6034,0.6592,0.5394,0.6359,1.6781,3.8743,1.5896,2,2,1,1
295,772,joko,Basque,NOUN,97,yes,-0.9114,2.4594,0.9991,0.5121,0.6905,0.7453,1.288,-2.1199,-1.1217,5,4,3,2
296,775,eragin,Basque,NOUN,307,yes,2.3124,2.4781,2.1118,0.6041,0.6912,0.792,3.1653,0.3681,-2.1225,1,1,1,1
297,781,aukeratu,Basque,VERB,309,yes,1.9133,1.6221,-0.9112,0.5927,0.6594,0.665,2.5368,0.4928,0.8314,1,1,1,1
298,2829,iru√±ea,Basque,PROPN,421,yes,1.718,-4.6935,-3.5208,0.5871,0.4249,0.5553,-2.2504,4.0287,3.7242,4,4,3,2
299,785,eutsi,Basque,VERB,169,yes,-0.0363,3.0017,0.3989,0.5371,0.7106,0.72,2.3666,-1.7645,-0.6005,5,4,3,2
300,789,gobernu,Basque,NOUN,85,yes,-0.6646,1.9052,0.1974,0.5191,0.6699,0.7116,1.1792,-1.6563,-0.3033,5,4,3,2
301,795,edo,Basque,CCONJ,37,yes,-4.6814,-0.2686,2.227,0.4045,0.5892,0.7969,-3.0637,-3.1283,-2.4226,5,4,3,2
302,801,bilbo,Basque,PROPN,389,yes,1.8015,-5.0367,-2.6665,0.5895,0.4122,0.5912,-2.7062,4.2583,3.0858,4,4,3,2
303,2850,baztertu,Basque,VERB,482,yes,2.784,0.291,-0.9949,0.6176,0.61,0.6614,2.0166,2.042,0.9495,1,1,1,1
304,803,dena,Basque,DET,112,yes,4.237,0.1772,-4.2462,0.659,0.6058,0.5248,3.0144,2.9493,4.1768,2,2,1,1
305,814,horiek,Basque,DET,67,yes,-3.4557,-0.842,0.7397,0.4395,0.5679,0.7343,-2.7161,-1.9542,-0.7032,5,4,3,2
306,815,erabakigarri,Basque,ADJ,453,yes,5.9679,1.2654,-0.3417,0.7084,0.6462,0.6889,4.5059,3.726,0.5782,2,2,1,1
307,822,arrisku,Basque,NOUN,313,yes,6.3737,1.1591,-2.157,0.72,0.6422,0.6126,4.9514,3.8287,2.1027,2,2,1,1
308,825,mota,Basque,NOUN,355,yes,1.1268,-1.8464,-0.3852,0.5703,0.5306,0.6871,-0.7055,1.9224,0.6597,1,1,1,1
309,829,bigarren,Basque,NUM,93,yes,0.7379,-0.4835,0.7446,0.5592,0.5812,0.7346,0.0388,0.6973,-0.4936,1,1,1,1
310,831,miarritze,Basque,PROPN,257,yes,9.1961,-1.0484,-5.0312,0.8006,0.5603,0.4918,4.9182,7.3585,4.9341,2,2,1,1
311,840,lau,Basque,NUM,114,yes,-5.5498,-8.3286,-0.9221,0.3797,0.29,0.6645,-9.3821,0.7645,1.1156,4,4,3,2
312,843,zu,Basque,PRON,223,yes,1.2463,0.725,2.6535,0.5737,0.6261,0.8148,1.0213,0.6688,-2.451,1,1,1,1
313,845,hain,Basque,ADV,367,yes,-3.7281,-1.3,6.9423,0.4317,0.5509,0.9951,-4.0849,-1.6812,-6.9024,1,1,1,1
314,851,adierazi,Basque,VERB,122,yes,-1.4191,1.4106,-0.9,0.4976,0.6515,0.6654,0.3763,-1.922,0.8406,5,4,3,2
315,855,hegoalde,Basque,NOUN,487,yes,15.653,-1.2839,-10.4672,0.9849,0.5515,0.2633,9.0909,12.5331,8.8317,2,2,1,1
316,859,agintari,Basque,NOUN,492,yes,1.4389,0.9235,1.6498,0.5792,0.6335,0.7726,1.5531,0.3986,-1.7663,1,1,1,1
317,860,auto,Basque,NOUN,227,yes,-4.5573,-6.0125,-0.5259,0.408,0.3759,0.6812,-7.0102,0.2486,0.737,4,4,3,2
318,863,eragin,Basque,NOUN,307,yes,-1.6238,0.2112,0.584,0.4918,0.607,0.7278,-0.9856,-0.9203,-0.3426,5,4,3,2
319,866,horregatik,Basque,ADV,466,yes,4.508,-0.8297,-0.6417,0.6668,0.5684,0.6763,1.9755,3.8094,1.0587,2,2,1,1
320,868,harreman,Basque,NOUN,333,yes,6.9478,1.6187,-0.0542,0.7364,0.6593,0.701,5.6091,4.0163,-0.1391,2,2,1,1
321,869,datu,Basque,NOUN,388,yes,-1.3866,-1.7042,0.1424,0.4985,0.5359,0.7092,-1.9633,-0.0548,-0.1708,5,4,3,2
322,870,etorri,Basque,VERB,53,yes,-5.4785,1.2046,-0.0891,0.3817,0.6439,0.6995,-2.3821,-4.6971,-0.0413,5,4,3,2
323,871,egun,Basque,ADV,405,yes,-2.1668,1.3013,-1.7163,0.4763,0.6475,0.6311,0.0428,-2.7114,1.5111,5,4,3,2
324,874,liga,Basque,NOUN,157,yes,-1.1228,1.3118,2.2325,0.5061,0.6479,0.7971,0.0258,-1.3986,-1.9975,5,4,3,2
325,876,europa,Basque,PROPN,233,yes,-1.7203,-0.7122,3.418,0.489,0.5727,0.8469,-1.8439,-0.8654,-3.2412,1,1,1,1
326,2925,jose,Basque,PROPN,435,yes,1.1703,0.2869,3.4006,0.5715,0.6098,0.8462,0.3984,0.8847,-2.9917,1,1,1,1
327,878,eskubide,Basque,NOUN,209,yes,-3.2554,-1.1759,3.3057,0.4452,0.5555,0.8422,-3.1617,-1.6717,-3.3889,5,4,3,2
328,881,gai,Basque,NOUN,281,yes,1.2259,1.1295,1.0342,0.5731,0.6411,0.7467,1.6196,0.1133,-1.0325,1,1,1,1
329,887,presidente,Basque,NOUN,159,yes,-0.2403,-0.4228,0.8605,0.5312,0.5835,0.7394,-0.406,-0.0006,-0.8112,1,1,1,1
330,888,bota,Basque,VERB,193,yes,-4.5571,0.8502,3.0586,0.408,0.6307,0.8318,-2.4334,-3.682,-3.2136,5,4,3,2
331,891,legebiltzar,Basque,NOUN,433,yes,2.4623,0.5796,4.2963,0.6084,0.6207,0.8838,1.4694,1.3992,-4.0446,1,1,1,1
332,893,berriro,Basque,ADV,198,yes,0.04,-2.2371,-1.0718,0.5392,0.5161,0.6582,-1.6257,1.4195,1.5161,1,1,1,1
333,899,erori,Basque,VERB,387,yes,4.6841,3.7878,0.126,0.6718,0.7398,0.7086,5.8754,1.2922,-0.607,2,2,1,1
334,900,berehala,Basque,ADV,416,yes,-0.8981,-6.4299,-4.3315,0.5125,0.3605,0.5212,-4.9156,3.4205,4.3177,4,4,3,2
335,913,sortu,Basque,VERB,78,yes,-4.5093,1.3609,-0.0108,0.4094,0.6497,0.7028,-1.6859,-3.9937,-0.0552,5,4,3,2
336,919,zabaldu,Basque,VERB,242,yes,0.2786,1.6577,0.3347,0.546,0.6607,0.7173,1.5626,-0.7873,-0.3482,1,1,1,1
337,927,entzun,Basque,VERB,219,yes,-0.4144,1.3417,0.3381,0.5263,0.649,0.7175,0.7719,-0.9118,-0.274,5,4,3,2
338,2976,ideia,Basque,NOUN,449,yes,0.82,-1.899,-0.2257,0.5615,0.5287,0.6938,-0.8681,1.6355,0.4798,1,1,1,1
339,928,barru,Basque,NOUN,467,yes,4.5415,0.0157,-0.5527,0.6677,0.5998,0.68,2.8671,3.3614,0.4709,1,1,1,1
340,932,erabaki,Basque,NOUN,263,yes,2.6182,-2.8889,-1.1967,0.6128,0.4919,0.653,-0.4901,3.4942,1.4424,1,1,1,1
341,944,epaile,Basque,NOUN,288,yes,6.0318,1.7589,-0.4438,0.7103,0.6645,0.6846,5.1371,3.3986,0.3495,2,2,1,1
342,950,gainditu,Basque,VERB,442,yes,3.3307,2.4874,0.8743,0.6332,0.6915,0.74,3.9495,1.0126,-1.3806,1,1,1,1
343,951,gainera,Basque,CCONJ,119,yes,3.4048,-0.4526,-4.2229,0.6353,0.5824,0.5258,2.1604,2.6585,4.056,2,2,1,1
344,971,politika,Basque,NOUN,310,yes,-4.9273,-3.7543,3.4987,0.3975,0.4598,0.8503,-6.0328,-1.4874,-3.6648,5,4,3,2
345,976,partida,Basque,NOUN,254,yes,0.2692,0.3786,-0.4855,0.5458,0.6132,0.6828,0.6638,0.1207,0.4621,1,1,1,1
346,979,aztertu,Basque,VERB,165,yes,-2.1797,2.7069,0.3413,0.4759,0.6997,0.7176,0.8347,-3.0584,-0.5374,5,4,3,2
347,995,kilometro,Basque,NOUN,166,yes,0.1861,0.9863,3.0239,0.5434,0.6358,0.8304,0.6487,-0.4962,-2.8857,1,1,1,1
348,997,frantzia,Basque,PROPN,151,yes,-0.7467,0.9859,1.4225,0.5168,0.6358,0.763,0.1526,-0.997,-1.3114,5,4,3,2
349,998,italia,Basque,PROPN,303,yes,0.6213,-0.4827,2.6534,0.5558,0.5813,0.8148,-0.1855,0.7532,-2.3657,1,1,1,1
350,1006,eaj,Basque,PROPN,135,yes,1.2797,2.6632,1.8763,0.5746,0.6981,0.7821,2.6362,-0.3809,-1.8696,1,1,1,1
351,1007,ea,Basque,PROPN,214,yes,3.5284,1.2775,2.3972,0.6388,0.6466,0.804,2.9116,1.948,-2.2013,1,1,1,1
352,1008,babes,Basque,NOUN,489,yes,1.7759,-1.1848,3.2356,0.5888,0.5552,0.8393,0.2113,1.6722,-3.4902,1,1,1,1
353,1011,nahikoa,Basque,ADV,437,yes,9.1757,2.4581,-0.1246,0.8,0.6904,0.698,7.1723,5.4488,0.4532,2,2,1,1
354,1014,zenbait,Basque,DET,207,yes,-6.4607,-9.0798,-0.3559,0.3537,0.2621,0.6883,-10.7609,0.63,0.5224,4,4,3,2
355,1025,konfiantza,Basque,NOUN,273,yes,0.7825,-2.3096,0.3403,0.5604,0.5134,0.7176,-1.0957,1.7275,-0.0616,1,1,1,1
356,1026,iaz,Basque,ADV,226,yes,1.5464,0.4637,2.3026,0.5822,0.6164,0.8,1.1542,0.9446,-2.1801,1,1,1,1
357,1027,txapeldun,Basque,NOUN,477,yes,-0.5196,0.2462,2.3072,0.5233,0.6083,0.8002,-0.2974,-0.4285,-2.1065,1,1,1,1
358,1034,familia,Basque,NOUN,341,yes,-1.0397,-6.7811,-2.8048,0.5084,0.3474,0.5854,-5.3821,3.3744,3.0236,4,4,3,2
359,1039,abuztu,Basque,NOUN,413,yes,-5.6876,-16.1385,-1.3996,0.3758,0.0,0.6444,-17.6025,6.0008,1.7276,4,4,3,2
360,1050,asmo,Basque,NOUN,144,yes,0.8698,0.422,-1.3322,0.5629,0.6148,0.6473,1.0468,0.3569,1.3444,1,1,1,1
361,1054,metro,Basque,NOUN,276,yes,3.9371,-1.0259,1.1868,0.6505,0.5611,0.7531,1.5968,3.1993,-0.8362,1,1,1,1
362,1057,sentitu,Basque,VERB,325,yes,-1.8646,0.5222,1.1568,0.4849,0.6186,0.7519,-0.8644,-1.3897,-0.9439,5,4,3,2
363,1059,ekarri,Basque,VERB,272,yes,0.4706,2.0776,0.9825,0.5515,0.6763,0.7446,1.9269,-0.8443,-1.0415,1,1,1,1
364,1064,txirrindulari,Basque,NOUN,359,yes,3.5702,2.8234,0.9976,0.64,0.704,0.7452,4.4938,0.7706,-1.259,1,1,1,1
365,1069,galdera,Basque,NOUN,418,yes,-0.5905,-1.4896,0.1719,0.5212,0.5439,0.7105,-1.5363,0.4506,0.0019,5,4,3,2
366,1073,sydney,Basque,PROPN,409,yes,1.3579,-0.5703,2.1184,0.5769,0.578,0.7923,0.1784,1.3756,-1.711,1,1,1,1
367,3125,jardunaldi,Basque,NOUN,372,yes,3.413,3.7822,2.6656,0.6355,0.7396,0.8153,4.9868,0.0879,-3.2151,1,1,1,1
368,1086,ministro,Basque,NOUN,461,yes,-6.4444,-9.4115,-1.0819,0.3542,0.2498,0.6578,-10.8145,0.7955,1.1764,4,4,3,2
369,1087,orain,Basque,ADV,72,yes,2.5756,0.725,-3.6329,0.6116,0.6261,0.5506,2.5483,1.3216,3.4022,2,2,1,1
370,1089,kide,Basque,NOUN,126,yes,-0.9079,3.0267,2.0478,0.5122,0.7115,0.7893,1.6804,-2.5329,-2.3095,5,4,3,2
371,1093,proiektu,Basque,NOUN,324,yes,3.0947,0.2518,1.1711,0.6264,0.6085,0.7525,1.9671,1.998,-1.0114,1,1,1,1
372,1100,real,Basque,PROPN,321,yes,0.5002,-1.5699,0.2066,0.5524,0.5409,0.7119,-0.5825,1.141,-0.3551,1,1,1,1
373,1106,zuzendu,Basque,VERB,319,yes,-0.2859,2.2985,3.0976,0.5299,0.6845,0.8335,1.493,-1.6394,-3.3272,1,1,1,1
374,1113,aitortu,Basque,VERB,342,yes,-1.9218,0.9624,1.0146,0.4832,0.6349,0.7459,-0.4146,-1.838,-1.0312,5,4,3,2
375,1114,kartzela,Basque,NOUN,415,yes,0.4088,-0.2887,1.7683,0.5498,0.5885,0.7776,-0.3095,0.7475,-1.2206,1,1,1,1
376,1121,hurrengo,Basque,ADJ,234,yes,1.2701,-1.8411,1.5671,0.5743,0.5308,0.7691,-1.0615,2.1257,-0.9155,1,1,1,1
377,1125,etapa,Basque,NOUN,160,yes,-1.9616,-0.2739,0.5462,0.4821,0.589,0.7262,-1.3884,-1.2546,-0.3561,5,4,3,2
378,1131,indartsu,Basque,ADJ,370,yes,5.197,-2.2123,-3.4227,0.6864,0.517,0.5594,1.4098,5.153,3.7748,2,2,1,1
379,1134,ibarretxe,Basque,PROPN,305,yes,-0.3168,-2.2354,2.0643,0.5291,0.5162,0.79,-2.1545,1.1117,-1.8522,1,1,1,1
380,1135,konpondu,Basque,VERB,344,yes,-0.2028,1.6262,-0.1348,0.5323,0.6596,0.6976,1.2059,-0.9629,0.1331,1,1,1,1
381,1140,gauza,Basque,NOUN,120,yes,0.8612,0.735,-1.783,0.5627,0.6265,0.6283,1.3275,0.0847,1.8172,1,1,1,1
382,1142,bilatu,Basque,VERB,278,yes,1.6624,2.6885,0.0962,0.5855,0.699,0.7073,3.0807,-0.2955,-0.1145,1,1,1,1
383,1147,ekin,Basque,VERB,364,yes,0.1813,0.3819,-1.0087,0.5433,0.6134,0.6609,0.3841,0.0806,1.3009,5,4,3,2
384,1155,erraz,Basque,ADV,438,yes,-3.2531,-7.1025,-0.6605,0.4452,0.3355,0.6755,-7.2545,2.1792,1.1188,4,4,3,2
385,1163,jardun,Basque,VERB,239,yes,-0.9566,1.0997,0.4917,0.5108,0.64,0.7239,0.3807,-1.3882,-0.5444,5,4,3,2
386,1168,eskuratu,Basque,VERB,295,yes,0.9883,0.9329,1.0791,0.5663,0.6338,0.7486,1.1573,0.2811,-0.8559,1,1,1,1
387,1172,*edin,Basque,VERB,332,yes,3.8728,3.7865,-0.7308,0.6486,0.7398,0.6725,5.4376,0.7809,-0.3931,2,2,1,1
388,1187,deitu,Basque,VERB,196,yes,-0.6573,1.7226,1.0669,0.5193,0.6631,0.7481,0.9313,-1.3888,-1.0989,5,4,3,2
389,1201,gogor,Basque,ADJ,208,yes,1.7485,1.887,2.3492,0.588,0.6692,0.802,2.3245,0.2062,-2.5573,1,1,1,1
390,1202,eskaini,Basque,VERB,250,yes,-1.1198,1.1783,0.7483,0.5061,0.6429,0.7347,0.1144,-1.3396,-0.6178,5,4,3,2
391,1204,saio,Basque,NOUN,178,yes,-2.5105,-0.2162,1.4215,0.4664,0.5911,0.763,-1.5244,-1.8671,-1.5883,5,4,3,2
392,1214,pasatu,Basque,VERB,211,yes,0.7714,2.6945,0.0775,0.5601,0.6992,0.7065,2.5354,-0.8701,-0.1525,1,1,1,1
393,1215,zehaztu,Basque,VERB,472,yes,1.5602,1.1055,0.4996,0.5826,0.6402,0.7243,1.5708,0.8352,-0.1673,1,1,1,1
394,1226,hala,Basque,ADV,154,yes,5.3564,1.559,-1.8021,0.691,0.6571,0.6275,4.4447,3.0773,1.909,2,2,1,1
395,1234,inguru,Basque,NOUN,213,yes,2.6783,0.882,-0.2217,0.6145,0.6319,0.6939,2.2943,1.4719,0.3539,1,1,1,1
396,1235,atseden,Basque,NOUN,396,yes,4.2581,-0.917,0.5393,0.6596,0.5651,0.7259,2.1177,3.5094,-0.4107,1,1,1,1
397,1242,ordu,Basque,NOUN,204,yes,-2.6765,-2.5265,1.518,0.4617,0.5054,0.7671,-3.5813,-0.6452,-1.4521,5,4,3,2
398,1245,jaurlaritza,Basque,NOUN,243,yes,0.8653,-5.1704,-2.1566,0.5628,0.4072,0.6126,-3.5953,3.7782,2.8739,4,4,3,2
399,1247,milioi,Basque,NOUN,350,yes,-6.3569,-5.9228,3.4417,0.3567,0.3793,0.8479,-8.4718,-1.0784,-3.9497,4,4,3,2
400,1248,pezeta,Basque,NOUN,440,yes,3.0146,2.266,7.0599,0.6241,0.6833,1.0,2.7439,0.9373,-6.9114,1,1,1,1
401,1254,aurkitu,Basque,VERB,189,yes,-2.5217,0.1567,0.5013,0.4661,0.605,0.7243,-1.3455,-1.7877,-0.4365,5,4,3,2
402,1255,hizkuntza,Basque,NOUN,177,yes,-3.7493,-2.1742,1.432,0.4311,0.5185,0.7634,-4.0423,-1.5301,-1.3977,5,4,3,2
403,1265,ikasi,Basque,VERB,312,yes,0.174,1.5871,-0.9492,0.5431,0.6581,0.6634,1.4694,-0.6759,0.8728,5,4,3,2
404,1269,jasan,Basque,VERB,423,yes,-2.808,-2.0465,2.0138,0.458,0.5232,0.7879,-3.5896,-0.6087,-1.5097,5,4,3,2
405,1273,futbol,Basque,NOUN,426,yes,3.9764,2.3256,2.569,0.6516,0.6855,0.8112,3.7349,1.8255,-2.182,2,2,1,1
406,1275,guztiz,Basque,ADV,460,yes,7.5768,2.011,2.503,0.7544,0.6738,0.8085,5.2949,4.7127,-1.781,2,2,1,1
407,1296,hamar,Basque,NUM,410,yes,-7.3822,-9.7166,1.6186,0.3274,0.2384,0.7713,-12.1484,0.4339,-1.5983,4,4,3,2
408,1299,ondorio,Basque,NOUN,117,yes,-0.4033,1.0144,0.1161,0.5266,0.6368,0.7081,0.6237,-0.948,-0.1172,1,1,1,1
409,1305,aurten,Basque,ADV,232,yes,6.399,2.3486,-0.6779,0.7207,0.6864,0.6748,5.6638,3.3376,0.6899,2,2,1,1
410,1315,egunkari,Basque,NOUN,458,yes,-0.674,-1.7966,0.9445,0.5189,0.5325,0.743,-1.9099,0.7972,-0.5394,1,1,1,1
411,1321,ahalegin,Basque,NOUN,330,yes,-2.4751,-1.3132,2.127,0.4675,0.5504,0.7927,-2.5673,-0.9725,-2.109,5,4,3,2
412,1322,bozeramaile,Basque,NOUN,469,yes,-4.9118,-2.5178,2.8382,0.3979,0.5057,0.8226,-5.2347,-1.781,-2.8414,5,4,3,2
413,1323,pp,Basque,PROPN,175,yes,0.8919,2.7915,2.2439,0.5636,0.7028,0.7976,2.2514,-0.5843,-2.1315,1,1,1,1
414,1328,garbi,Basque,ADV,279,yes,-1.0137,-5.4173,-1.8465,0.5092,0.398,0.6256,-4.455,2.3297,2.2076,4,4,3,2
415,1334,bakarrik,Basque,ADV,280,yes,7.8013,1.6792,-2.6093,0.7608,0.6615,0.5936,6.1319,4.7191,2.5154,2,2,1,1
416,1352,sindikatu,Basque,NOUN,441,yes,-6.3034,-10.2489,-1.3337,0.3582,0.2187,0.6472,-11.4402,1.372,1.3538,4,4,3,2
417,1358,bezala,Basque,ADV,260,yes,7.808,1.0451,-3.2619,0.761,0.638,0.5662,5.6457,5.2197,3.1661,2,2,1,1
418,1359,erdi,Basque,NOUN,161,yes,-1.7278,-1.4938,0.4999,0.4888,0.5437,0.7243,-2.0197,-0.5151,-0.4865,5,4,3,2
419,1366,landare,Basque,NOUN,206,yes,2.1299,0.5288,0.9899,0.5989,0.6188,0.7449,1.6387,1.1632,-0.824,1,1,1,1
420,1368,erraz,Basque,ADV,438,yes,0.818,1.6187,3.6266,0.5614,0.6593,0.8557,1.4579,-0.2191,-3.747,1,1,1,1
421,1374,kutsatu,Basque,VERB,429,yes,3.0469,-0.4732,-1.267,0.6251,0.5816,0.65,1.6817,2.4353,1.3817,1,1,1,1
422,1379,marka,Basque,NOUN,304,yes,3.8368,0.9138,1.561,0.6476,0.6331,0.7689,2.9238,2.1331,-1.4912,1,1,1,1
423,1381,horrelako,Basque,ADJ,285,yes,1.4149,3.1015,3.485,0.5785,0.7143,0.8497,2.5564,-0.1762,-3.1474,1,1,1,1
424,1397,zazpi,Basque,NUM,356,yes,1.6436,-2.392,1.4328,0.585,0.5104,0.7635,-0.9983,2.4027,-0.9762,1,1,1,1
425,1401,segundo,Basque,NOUN,353,yes,-3.1056,-4.2641,0.3328,0.4495,0.4409,0.7172,-5.2547,0.3688,0.0996,4,4,3,2
426,1405,berak,Basque,DET,235,yes,-4.0533,-8.1105,1.066,0.4224,0.2981,0.7481,-8.3769,1.6825,-1.0568,4,4,3,2
427,1412,iritsi,Basque,VERB,194,yes,-1.5348,1.7114,0.2209,0.4943,0.6627,0.7125,0.5588,-2.1223,-0.3368,5,4,3,2
428,1414,idatzi,Basque,VERB,292,yes,-0.5671,1.189,0.4745,0.5219,0.6433,0.7232,0.505,-0.9652,-0.3465,5,4,3,2
429,1422,aznar,Basque,PROPN,368,yes,-2.91,-6.7876,-0.895,0.455,0.3472,0.6656,-7.0169,2.2407,1.5697,4,4,3,2
430,1427,kolpe,Basque,NOUN,420,yes,0.7469,-0.7835,1.2601,0.5594,0.5701,0.7562,-0.0179,0.7717,-1.2423,1,1,1,1
431,1433,faborito,Basque,ADJ,271,yes,2.2598,2.2112,1.9448,0.6026,0.6813,0.785,2.9711,0.3807,-1.987,1,1,1,1
432,1442,gustatu,Basque,VERB,340,yes,1.2339,1.0285,0.2811,0.5733,0.6374,0.7151,1.5554,0.4596,-0.0867,1,1,1,1
433,1443,derby,Basque,NOUN,338,yes,2.1608,1.6708,1.5973,0.5998,0.6612,0.7704,2.4318,0.7336,-1.456,1,1,1,1
434,1446,zuzendaritza,Basque,NOUN,500,yes,-7.4726,-7.2166,2.1364,0.3248,0.3312,0.7931,-10.2977,-0.9608,-2.2009,4,4,3,2
435,1447,denboraldi,Basque,NOUN,158,yes,-0.4949,1.657,1.1018,0.524,0.6607,0.7496,0.9973,-1.4143,-1.1346,5,4,3,2
436,1450,beti,Basque,ADV,143,yes,7.7571,-0.3412,-6.4176,0.7595,0.5865,0.4335,4.5537,6.0586,6.1889,2,2,1,1
437,1454,zergatik,Basque,ADV,336,yes,2.3892,-3.7647,-3.1507,0.6063,0.4594,0.5708,-1.4165,4.0373,3.5294,4,4,3,2
438,1461,espetxe,Basque,NOUN,252,yes,1.8224,-1.1953,0.3215,0.5901,0.5548,0.7168,0.1367,2.0624,-0.0275,1,1,1,1
439,1462,bete,Basque,VERB,107,yes,-4.7184,1.2307,-1.5178,0.4034,0.6449,0.6395,-1.6583,-4.2563,1.2755,5,4,3,2
440,1470,hemen,Basque,ADV,220,yes,5.2431,1.4083,-2.4451,0.6877,0.6515,0.6005,4.407,3.0933,2.4132,2,2,1,1
441,1485,kontatu,Basque,VERB,462,yes,3.4734,0.5063,-1.7126,0.6372,0.618,0.6313,2.8044,2.1829,1.4791,1,1,1,1
442,1488,agiri,Basque,NOUN,361,yes,-4.2387,-5.8739,-1.2164,0.4171,0.3811,0.6521,-6.5025,0.3922,1.0878,4,4,3,2
443,3537,halako,Basque,ADJ,402,yes,8.3682,-3.0033,-3.093,0.7769,0.4877,0.5732,2.2375,8.2411,3.6718,2,2,1,1
444,1494,sozial,Basque,ADJ,400,yes,-1.7904,-3.0916,5.0038,0.487,0.4844,0.9136,-4.017,0.4266,-4.8069,1,1,1,1
445,1496,beldur,Basque,NOUN,459,yes,6.0754,0.1496,-0.9954,0.7115,0.6047,0.6614,3.9487,4.3294,1.102,2,2,1,1
446,1501,pse-ee,Basque,PROPN,269,yes,3.789,0.6051,-0.0291,0.6462,0.6216,0.702,2.8967,2.4286,-0.0425,1,1,1,1
447,1504,aurrekontu,Basque,NOUN,237,yes,-2.6384,-3.6354,1.713,0.4628,0.4642,0.7753,-4.646,0.3237,-1.3591,4,4,3,2
448,1506,eta,Basque,PROPN,186,yes,2.3851,-1.6308,0.2956,0.6062,0.5386,0.7157,0.1412,2.7934,0.2516,1,1,1,1
449,1509,nahastu,Basque,VERB,447,yes,4.8882,0.7775,-2.4968,0.6776,0.628,0.5983,3.7376,3.175,2.4435,2,2,1,1
450,1516,kuba,Basque,PROPN,471,yes,7.0207,0.268,0.133,0.7385,0.6091,0.7088,4.3129,4.989,0.0937,2,2,1,1
451,1537,azkenik,Basque,ADV,488,yes,11.0814,1.2721,-3.3109,0.8544,0.6464,0.5641,8.163,7.2938,2.7658,2,2,1,1
452,1540,defentsa,Basque,NOUN,382,yes,4.6748,1.617,1.5856,0.6715,0.6592,0.7699,4.1429,2.3289,-1.6492,1,1,1,1
453,1548,luzatu,Basque,VERB,481,yes,1.4564,-1.3386,-0.6498,0.5797,0.5495,0.6759,-0.0073,1.9375,0.7738,1,1,1,1
454,1561,jarduera,Basque,NOUN,493,yes,0.2524,-1.0399,0.5946,0.5453,0.5606,0.7282,-0.7248,0.742,-0.2976,1,1,1,1
455,1562,herenegun,Basque,ADV,386,yes,3.0548,-0.4236,-0.7289,0.6253,0.5834,0.6726,1.3222,2.7141,1.0785,1,1,1,1
456,1579,igande,Basque,NOUN,362,yes,-2.4632,-3.1593,-0.3309,0.4678,0.4819,0.6893,-3.7125,0.0604,0.5279,4,4,3,2
457,1589,madril,Basque,PROPN,430,yes,7.1869,-0.5381,-3.6211,0.7432,0.5792,0.5511,4.0027,5.6399,3.6973,2,2,1,1
458,1600,zein,Basque,DET,210,yes,1.0278,-1.7452,0.3381,0.5674,0.5344,0.7175,-0.7203,1.8414,0.1284,1,1,1,1
459,1610,ahal,Basque,NOUN,297,yes,8.1242,5.3557,1.3573,0.77,0.798,0.7603,8.0596,4.1042,-0.9116,2,2,1,1
460,1611,beharrezko,Basque,ADJ,445,yes,7.9438,2.3616,-0.8156,0.7648,0.6869,0.669,6.7788,4.3456,0.6265,2,2,1,1
461,1613,aita,Basque,NOUN,365,yes,3.2191,0.3074,-1.4164,0.63,0.6106,0.6437,2.1869,2.273,1.5204,1,1,1,1
462,1616,emakume,Basque,NOUN,217,yes,2.2393,1.3951,2.4207,0.602,0.651,0.805,2.3514,0.7038,-2.3218,1,1,1,1
463,1618,irudi,Basque,NOUN,454,yes,0.0899,-3.2588,-0.405,0.5407,0.4782,0.6862,-2.2502,1.9318,0.5536,4,4,3,2
464,1620,aldiz,Basque,CCONJ,316,yes,7.5444,2.1107,-0.4325,0.7534,0.6775,0.6851,6.2226,4.2806,0.4436,2,2,1,1
465,1631,han,Basque,ADV,127,yes,1.2671,2.1639,-0.3169,0.5743,0.6795,0.6899,2.6006,-0.3522,0.1832,1,1,1,1
466,1641,ezarri,Basque,VERB,408,yes,-1.9359,1.9578,3.2458,0.4828,0.6719,0.8397,-0.0085,-2.3169,-3.2958,5,4,3,2
467,1649,lagundu,Basque,VERB,267,yes,0.8562,1.5063,0.4626,0.5625,0.6551,0.7227,1.8005,-0.2576,-0.5413,1,1,1,1
468,1653,bizitza,Basque,NOUN,314,yes,3.8002,1.5709,1.3999,0.6466,0.6575,0.7621,3.4386,1.8598,-1.3994,2,2,1,1
469,1668,nolako,Basque,ADJ,448,yes,5.2924,0.9449,-0.4305,0.6892,0.6343,0.6852,3.6747,3.3917,0.7508,2,2,1,1
470,1694,eskola,Basque,NOUN,456,yes,0.7662,-1.808,-0.1712,0.56,0.532,0.6961,-1.0224,1.8634,0.5011,1,1,1,1
471,1710,euskal,Basque,PROPN,335,yes,-1.0595,-11.9657,-3.548,0.5079,0.1549,0.5541,-9.4347,6.1249,4.3294,4,4,3,2
472,1714,hobe,Basque,ADJ,327,yes,4.7225,1.8488,0.9793,0.6729,0.6678,0.7444,3.9897,2.5407,-0.7134,2,2,1,1
473,1729,jantzi,Basque,VERB,380,yes,2.5228,2.2227,3.0154,0.6101,0.6817,0.83,3.1441,0.6716,-3.091,1,1,1,1
474,1763,gerra,Basque,NOUN,352,yes,-1.2754,-3.6507,-0.1316,0.5017,0.4636,0.6977,-3.3669,1.2471,0.2853,4,4,3,2
475,1764,amaiera,Basque,NOUN,376,yes,2.3334,0.3046,2.4958,0.6047,0.6105,0.8082,1.6662,1.5882,-2.3179,1,1,1,1
476,1792,zerrenda,Basque,NOUN,403,yes,2.2544,-3.055,-2.4055,0.6024,0.4858,0.6021,-0.5974,3.3617,2.4787,1,1,1,1
477,1823,goiz,Basque,NOUN,483,yes,2.8281,-2.7563,1.5308,0.6188,0.4968,0.7676,-0.3847,3.3585,-1.2634,1,1,1,1
478,1843,sailkapen,Basque,NOUN,347,yes,2.0311,1.1609,2.6792,0.5961,0.6423,0.8159,1.8555,0.7414,-2.5542,1,1,1,1
479,5940,ari,Basque,AUX,397,yes,13.9136,-12.4555,-14.6205,0.9352,0.1367,0.0887,1.1678,17.8261,12.4157,2,2,1,1
480,1844,postu,Basque,NOUN,173,yes,-1.1605,0.2777,0.8816,0.505,0.6095,0.7403,-0.419,-1.0611,-0.8098,5,4,3,2
481,1849,itsaso,Basque,NOUN,457,yes,5.1596,-1.2217,-1.8602,0.6854,0.5538,0.6251,2.3603,4.4207,1.9619,2,2,1,1
482,1852,goi,Basque,NOUN,473,yes,-1.4033,-4.5526,2.4898,0.498,0.4302,0.8079,-4.4764,1.4333,-2.2913,1,1,1,1
483,1864,hilabete,Basque,NOUN,171,yes,-2.4711,0.5052,1.933,0.4676,0.6179,0.7845,-1.1792,-2.2774,-2.0315,5,4,3,2
484,1868,zauritu,Basque,VERB,465,yes,2.5922,0.8972,-0.8653,0.6121,0.6325,0.6669,2.3081,1.4735,0.9478,1,1,1,1
485,1879,txapel,Basque,NOUN,428,yes,1.5363,1.054,3.2837,0.5819,0.6383,0.8413,1.4466,0.5175,-3.023,1,1,1,1
486,1885,lege,Basque,NOUN,240,yes,1.2024,0.3721,2.0871,0.5724,0.613,0.791,0.831,0.6091,-1.9123,1,1,1,1
487,1907,ia,Basque,ADV,302,yes,-0.0338,-5.4114,-0.4298,0.5371,0.3983,0.6852,-4.2386,3.0841,1.1757,4,4,3,2
488,1920,behe,Basque,NOUN,294,yes,-4.2074,-3.2304,3.3579,0.418,0.4792,0.8444,-5.4899,-0.9586,-3.2501,5,4,3,2
489,1921,arte,Basque,NOUN,291,yes,-0.0067,-1.5507,-0.0079,0.5379,0.5416,0.7029,-1.1739,0.8647,0.3313,1,1,1,1
490,1933,kopuru,Basque,NOUN,494,yes,1.6365,1.186,1.5061,0.5848,0.6432,0.7666,1.6778,0.6868,-1.3023,1,1,1,1
491,1937,luze,Basque,ADJ,495,yes,4.0893,0.9586,3.5442,0.6548,0.6348,0.8522,2.5019,2.7302,-2.7579,1,1,1,1
492,1942,epe,Basque,NOUN,496,yes,1.0409,0.9534,2.191,0.5678,0.6346,0.7953,1.1316,0.4076,-2.1124,1,1,1,1
493,6050,arte,Basque,NOUN,291,yes,-5.9071,-9.0736,-1.7964,0.3695,0.2623,0.6277,-10.2427,1.1461,1.9128,4,4,3,2
494,1955,gogo,Basque,NOUN,468,yes,-0.687,-0.8876,3.4297,0.5185,0.5662,0.8474,-1.3148,0.0709,-3.2789,1,1,1,1
495,1956,athletic,Basque,PROPN,182,yes,5.8365,0.984,-2.6224,0.7047,0.6357,0.593,4.3757,3.8049,2.6007,2,2,1,1
496,1985,sistema,Basque,NOUN,289,yes,-2.5947,-1.1298,2.2505,0.464,0.5572,0.7978,-2.6068,-1.175,-2.1658,5,4,3,2
497,1996,erantzun,Basque,NOUN,358,yes,7.5567,0.2692,-1.1242,0.7538,0.6092,0.656,4.7981,5.2875,1.3866,2,2,1,1
498,2007,proba,Basque,NOUN,225,yes,-2.1504,0.183,1.1577,0.4767,0.606,0.7519,-1.1714,-1.7492,-1.1575,5,4,3,2
499,2034,sailkatu,Basque,VERB,484,yes,2.181,1.3472,0.5328,0.6003,0.6492,0.7256,2.3351,0.9032,-0.3719,1,1,1,1
