,id_palabra,palabra,language,POS,ranking,lemmatized,pc1,pc2,pc3,rgb1,rgb2,rgb3,nc5,nc4,nc3,nc2,trans
15,22,de,French,ADP,2,yes,8.5285,-25.2308,-9.5443,0.9209,0.0,0.0,3,2,2,2,of
37,60,à,French,ADP,3,yes,7.2604,-16.4927,-5.6667,0.8597,0.2473,0.2312,3,2,2,2,at
28,45,et,French,CCONJ,6,yes,6.4366,-13.9937,-4.7526,0.82,0.3181,0.2857,3,2,2,2,and
20,34,il,French,PRON,7,yes,4.6634,-8.0448,-3.5895,0.7345,0.4865,0.355,5,4,3,2,he
50,87,son,French,DET,9,yes,7.751,-4.8882,-2.2152,0.8834,0.5758,0.4369,5,4,3,2,his
4,8,dans,French,ADP,10,yes,7.4131,-4.484,-1.3467,0.8671,0.5872,0.4887,5,4,3,2,in
61,127,pour,French,ADP,12,yes,5.4331,-5.8442,-2.4556,0.7716,0.5487,0.4226,5,4,3,2,for
68,140,par,French,ADP,14,yes,6.6216,-3.1058,0.1099,0.8289,0.6263,0.5756,5,4,3,2,by
71,148,se,French,PRON,15,yes,5.83,-0.7893,-1.369,0.7908,0.6918,0.4874,5,4,3,2,to
35,57,qui,French,PRON,17,yes,5.3894,-2.2746,-2.8173,0.7695,0.6498,0.401,5,4,3,2,who
21,35,ne,French,ADV,18,yes,3.8512,-2.3671,-3.3106,0.6953,0.6472,0.3716,5,4,3,2,not
45,80,sur,French,ADP,19,yes,6.8719,-1.2518,0.1968,0.841,0.6787,0.5807,4,3,3,2,on
38,64,avec,French,ADP,20,yes,5.9483,-0.312,-1.5816,0.7965,0.7053,0.4747,5,4,3,2,with
23,37,plus,French,ADV,21,yes,-0.3408,-4.3244,0.5773,0.4932,0.5918,0.6034,5,4,3,2,more
58,115,pas,French,ADV,22,yes,4.9471,-3.177,0.4775,0.7482,0.6242,0.5975,5,4,3,2,not
34,55,ce,French,PRON,23,yes,1.5504,-4.7051,-3.0704,0.5844,0.581,0.386,5,4,3,2,this
5,9,ce,French,PRON,23,yes,5.4727,-3.6082,-1.3498,0.7735,0.612,0.4885,5,4,3,2,this
18,32,avoir,French,VERB,24,yes,5.0535,-3.7307,-2.9395,0.7533,0.6086,0.3938,5,4,3,2,have
118,252,avoir,French,VERB,24,yes,4.7095,-12.1575,-2.1964,0.7367,0.37,0.4381,3,2,2,2,have
0,1,le,French,PRON,25,yes,8.0928,-20.2409,-6.8235,0.8999,0.1412,0.1622,3,2,2,2,the
10,13,le,French,PRON,25,yes,3.628,0.0,-2.4082,0.6846,0.7142,0.4254,5,4,3,2,the
88,188,lui,French,PRON,26,yes,0.4546,-2.5639,-0.0014,0.5315,0.6416,0.5689,5,4,3,2,him
276,712,premier,French,ADJ,28,yes,3.1816,-2.2694,-0.7927,0.663,0.6499,0.5218,5,4,3,2,first
136,290,ou,French,CCONJ,29,yes,3.321,-0.7845,1.6358,0.6698,0.692,0.6665,5,4,3,2,Where
301,771,mais,French,CCONJ,30,yes,4.1849,-0.8665,-0.3436,0.7114,0.6896,0.5485,5,4,3,2,but
150,337,deux,French,NUM,31,yes,1.4559,-1.9824,-1.285,0.5798,0.6581,0.4924,5,4,3,2,of them
7,12,on,French,PRON,33,yes,4.5159,0.5749,-2.747,0.7274,0.7304,0.4052,5,4,3,2,we
146,329,y,French,PRON,34,yes,3.2258,0.4706,-2.5287,0.6652,0.7275,0.4183,5,4,3,2,there
13,20,situer,French,VERB,35,yes,2.1948,-3.4353,0.5886,0.6155,0.6169,0.6041,5,4,3,2,locate
40,71,grand,French,ADJ,37,yes,3.6594,-0.4541,1.3773,0.6861,0.7013,0.6511,5,4,3,2,big
152,339,an,French,NOUN,38,yes,1.1448,-4.2708,1.3637,0.5648,0.5933,0.6503,5,4,3,2,year
104,227,dont,French,PRON,40,yes,4.5879,-0.2169,0.9667,0.7309,0.708,0.6266,5,4,3,2,whose
179,421,entre,French,ADP,41,yes,-0.025,0.4714,2.2558,0.5084,0.7275,0.7035,2,1,1,1,Between
87,180,alors,French,ADV,42,yes,3.8179,-0.5566,-2.2292,0.6937,0.6984,0.4361,5,4,3,2,then
160,360,après,French,ADP,43,yes,1.4843,-0.0908,2.3929,0.5812,0.7116,0.7117,5,4,3,2,after
70,147,où,French,ADV,44,yes,0.3978,-0.0589,-2.7096,0.5288,0.7125,0.4075,5,4,3,2,where
189,444,nouveau,French,ADJ,45,yes,-0.2684,-0.0769,1.6181,0.4967,0.712,0.6655,2,1,1,1,new
411,1278,état,French,NOUN,46,yes,-1.7634,-3.7426,2.7023,0.4246,0.6082,0.7301,2,1,1,1,state
112,243,pays,French,NOUN,48,yes,0.1582,-3.7004,0.4985,0.5173,0.6094,0.5987,5,4,3,2,country
445,1503,naître,French,VERB,49,yes,4.6978,-0.7059,3.2775,0.7362,0.6942,0.7644,2,1,1,1,be born
228,544,ville,French,NOUN,50,yes,-0.7722,-2.4499,-1.2922,0.4724,0.6448,0.492,2,1,1,1,town
167,383,année,French,NOUN,51,yes,2.2102,-3.6632,0.734,0.6162,0.6105,0.6128,5,4,3,2,year
294,753,aussi,French,ADV,52,yes,3.966,-0.7539,0.1519,0.7009,0.6928,0.5781,5,4,3,2,too
325,874,celui,French,PRON,53,yes,1.816,-4.1984,0.1437,0.5972,0.5953,0.5776,5,4,3,2,the one
65,136,sous,French,ADP,55,yes,8.0573,4.5086,-0.7756,0.8982,0.8418,0.5228,4,3,3,2,under
185,430,très,French,ADV,56,yes,8.1786,-0.1602,7.1954,0.904,0.7096,0.998,4,3,3,2,very
2,5,devenir,French,VERB,57,yes,2.0813,-4.7146,0.2098,0.61,0.5807,0.5815,5,4,3,2,become
352,962,ainsi,French,ADV,59,yes,2.9717,0.2592,-1.6732,0.6529,0.7215,0.4693,5,4,3,2,Thus
477,1780,dernier,French,ADJ,60,yes,-0.4153,-1.8786,2.2686,0.4896,0.661,0.7043,2,1,1,1,last
190,448,faire,French,AUX,61,yes,6.7861,3.3372,-1.7365,0.8369,0.8086,0.4655,4,3,3,2,TO DO
19,33,faire,French,AUX,61,yes,3.6501,-7.9026,-2.3344,0.6856,0.4905,0.4298,5,4,3,2,TO DO
288,739,lors,French,ADV,62,yes,7.1933,0.4333,-2.0175,0.8565,0.7264,0.4487,5,4,3,2,during
350,957,région,French,NOUN,63,yes,-0.7881,-5.6848,2.8589,0.4716,0.5533,0.7395,2,1,1,1,region
161,370,également,French,ADV,64,yes,4.6308,1.7432,-2.0695,0.7329,0.7635,0.4456,5,4,3,2,also
286,735,puis,French,CCONJ,65,yes,3.5111,1.2201,-0.6055,0.6789,0.7487,0.5329,5,4,3,2,then
270,683,contre,French,ADP,67,yes,6.9929,3.279,-0.1204,0.8468,0.807,0.5618,4,3,3,2,versus
1,4,être,French,VERB,68,yes,6.57,-14.6058,-5.2387,0.8264,0.3007,0.2567,3,2,2,2,be
22,36,être,French,VERB,68,yes,1.7756,-4.1373,-0.6441,0.5952,0.5971,0.5306,5,4,3,2,be
208,490,depuis,French,ADP,69,yes,6.6442,1.7944,0.7627,0.83,0.765,0.6145,4,3,3,2,from
385,1147,groupe,French,NOUN,70,yes,-2.1959,-1.9361,-1.2305,0.4037,0.6594,0.4956,2,1,1,1,band
496,2028,devoir,French,VERB,71,yes,2.5544,-2.5338,-0.8377,0.6328,0.6424,0.5191,5,4,3,2,to have to
89,189,partie,French,NOUN,72,yes,-1.0031,-3.0522,1.2474,0.4613,0.6278,0.6434,2,1,1,1,part
194,459,bien,French,ADV,73,yes,1.9971,-0.0757,-1.1459,0.6059,0.712,0.5007,5,4,3,2,good
56,111,fois,French,NOUN,74,yes,-0.6038,-2.8517,0.8579,0.4805,0.6335,0.6202,2,1,1,1,time
280,723,commune,French,NOUN,75,yes,-1.5219,-1.7337,0.3151,0.4362,0.6651,0.5878,2,1,1,1,common
198,466,si,French,SCONJ,76,yes,2.0169,3.1595,-2.0413,0.6069,0.8036,0.4473,5,4,3,2,if
36,58,mettre,French,VERB,77,yes,1.3076,-4.0486,-0.0981,0.5727,0.5996,0.5632,5,4,3,2,put
200,470,jour,French,NOUN,78,yes,-0.2798,-2.3115,0.4298,0.4961,0.6487,0.5946,2,1,1,1,day
302,774,film,French,NOUN,79,yes,-0.9828,-2.6623,0.6003,0.4622,0.6388,0.6048,2,1,1,1,film
142,2362,connaître,French,VERB,80,yes,2.4918,-3.2984,-0.8889,0.6298,0.6208,0.516,5,4,3,2,to know
93,195,temps,French,NOUN,81,yes,-2.2038,-2.9562,1.4468,0.4034,0.6305,0.6553,2,1,1,1,time
278,718,titre,French,NOUN,82,yes,-1.6782,-3.3113,0.7271,0.4287,0.6204,0.6124,2,1,1,1,title
139,300,monde,French,NOUN,83,yes,-2.2724,-1.0386,-1.4194,0.4,0.6848,0.4844,2,1,1,1,world
272,692,donner,French,VERB,84,yes,0.3505,-3.0282,-2.3666,0.5265,0.6285,0.4279,5,4,3,2,give
6,11,que,French,ADV,85,yes,4.374,-3.767,-1.9415,0.7205,0.6075,0.4533,5,4,3,2,that
76,158,que,French,ADV,85,yes,2.4536,0.0462,-3.0523,0.6279,0.7155,0.387,5,4,3,2,that
199,468,que,French,ADV,85,yes,4.1143,1.3223,0.0475,0.708,0.7516,0.5718,5,4,3,2,that
166,380,permettre,French,VERB,86,yes,1.6671,-3.0117,0.12,0.59,0.6289,0.5762,5,4,3,2,allow
197,462,sans,French,ADP,87,yes,5.5754,4.3756,-2.7571,0.7785,0.838,0.4046,5,4,3,2,without
55,110,plusieurs,French,DET,88,yes,4.6084,0.6702,0.286,0.7318,0.7331,0.5861,5,4,3,2,various
416,1294,guerre,French,NOUN,89,yes,-1.1875,-3.5386,4.1433,0.4524,0.614,0.816,2,1,1,1,war
267,663,homme,French,NOUN,90,yes,-1.8424,-2.6157,0.8334,0.4208,0.6401,0.6187,2,1,1,1,man
90,2237,france,French,PROPN,91,yes,-3.5981,-0.129,-2.9902,0.3361,0.7105,0.3907,2,1,1,1,France
268,672,nom,French,NOUN,92,yes,-1.3784,-1.5323,1.3866,0.4432,0.6708,0.6517,2,1,1,1,name
348,951,prendre,French,VERB,93,yes,1.0386,-3.2425,-0.5421,0.5597,0.6224,0.5367,5,4,3,2,take
123,260,selon,French,ADP,94,yes,7.4453,3.9293,0.8087,0.8686,0.8254,0.6172,4,3,3,2,according
287,737,chez,French,ADP,95,yes,4.0276,4.8629,-2.1522,0.7038,0.8518,0.4407,5,4,3,2,at the house of
128,276,siècle,French,NOUN,96,yes,-2.187,-0.2504,1.6397,0.4042,0.7071,0.6668,2,1,1,1,century
221,529,trois,French,NUM,97,yes,5.9615,1.4978,-1.8229,0.7971,0.7566,0.4603,5,4,3,2,three
283,726,en,French,PRON,98,yes,-1.7386,2.4492,-3.146,0.4258,0.7835,0.3815,2,1,1,1,in
24,38,en,French,PRON,98,yes,5.843,-13.2095,-3.7805,0.7914,0.3403,0.3436,3,2,2,2,in
180,422,juin,French,NOUN,100,yes,6.5457,-0.0355,4.589,0.8253,0.7132,0.8426,4,3,3,2,June
94,196,trouver,French,VERB,101,yes,2.4557,-3.3993,1.3912,0.628,0.618,0.652,5,4,3,2,to find
328,879,pendant,French,ADP,102,yes,6.849,2.6112,-1.6312,0.8399,0.7881,0.4718,4,3,3,2,during
109,235,même,French,ADJ,103,yes,-4.2077,1.0311,2.3694,0.3067,0.7434,0.7103,2,1,1,1,same
99,212,même,French,ADJ,103,yes,3.1714,1.3206,-1.6825,0.6626,0.7516,0.4687,5,4,3,2,same
480,1793,janvier,French,NOUN,104,yes,0.6217,-0.9959,3.7491,0.5396,0.686,0.7925,2,1,1,1,January
419,1306,famille,French,NOUN,105,yes,-3.3544,-0.8814,-1.2044,0.3479,0.6892,0.4972,2,1,1,1,family
246,603,nombre,French,NOUN,106,yes,-1.7859,-2.3736,-0.3365,0.4235,0.647,0.5489,2,1,1,1,number
73,151,nombreux,French,ADJ,107,yes,1.2745,0.2947,1.3539,0.5711,0.7225,0.6497,5,4,3,2,numerous
156,348,passer,French,VERB,108,yes,0.0502,-2.1208,-2.1431,0.512,0.6541,0.4412,5,4,3,2,pass
11,16,comme,French,SCONJ,109,yes,6.8856,1.9541,0.9747,0.8417,0.7695,0.6271,4,3,3,2,as
196,461,comme,French,SCONJ,109,yes,1.8612,1.3705,0.4328,0.5994,0.753,0.5948,5,4,3,2,as
100,216,lequel,French,PRON,110,yes,-0.4192,-0.5957,1.3852,0.4894,0.6973,0.6516,2,1,1,1,which
251,625,rester,French,VERB,111,yes,1.4061,-2.9766,1.1325,0.5774,0.6299,0.6365,5,4,3,2,stay
390,1186,aller,French,VERB,112,yes,0.7758,-3.5974,0.2318,0.547,0.6123,0.5828,5,4,3,2,go
231,556,recevoir,French,VERB,113,yes,0.2357,-2.0804,-1.5722,0.521,0.6553,0.4753,5,4,3,2,receive
225,537,participer,French,VERB,114,yes,2.0825,-2.9625,-0.9654,0.61,0.6303,0.5115,5,4,3,2,to participate
173,399,vers,French,ADP,115,yes,7.6478,2.1585,1.3693,0.8784,0.7753,0.6506,4,3,3,2,towards
97,204,cours,French,NOUN,116,yes,-1.7582,0.0306,-0.9492,0.4248,0.715,0.5124,2,1,1,1,Classes
42,74,lieu,French,NOUN,117,yes,-4.1453,-1.0507,2.4803,0.3097,0.6844,0.7169,2,1,1,1,venue
285,730,équipe,French,NOUN,118,yes,0.0787,-2.698,1.889,0.5134,0.6378,0.6816,2,1,1,1,crew
211,495,international,French,ADJ,119,yes,3.0083,1.967,-0.1616,0.6547,0.7698,0.5594,5,4,3,2,international
206,489,album,French,NOUN,120,yes,-0.8976,-1.3492,0.318,0.4663,0.676,0.588,2,1,1,1,album
266,662,droit,French,NOUN,121,yes,-4.0368,-0.5585,0.1786,0.315,0.6984,0.5797,1,1,1,1,right
343,915,seul,French,ADJ,122,yes,0.159,0.4965,-1.4859,0.5173,0.7282,0.4804,2,1,1,1,only
381,1129,bon,French,ADJ,123,yes,0.6459,1.3695,-0.0066,0.5408,0.7529,0.5686,5,4,3,2,Well
305,789,européen,French,ADJ,124,yes,7.893,3.0529,1.0816,0.8902,0.8006,0.6335,4,3,3,2,European
138,299,église,French,NOUN,125,yes,-4.1814,-0.7865,-0.3369,0.308,0.6919,0.5489,1,1,1,1,church
14,2067,voir,French,VERB,126,yes,0.4343,-2.4684,-0.0509,0.5306,0.6443,0.566,5,4,3,2,see
29,46,américain,French,ADJ,127,yes,0.9173,1.5778,-0.0598,0.5539,0.7588,0.5654,5,4,3,2,American
111,242,quelque,French,DET,129,yes,3.8072,1.0412,1.6536,0.6932,0.7436,0.6676,5,4,3,2,some
491,1929,fin,French,NOUN,130,yes,-1.4779,-1.3654,0.6868,0.4384,0.6755,0.61,2,1,1,1,end
317,847,sud,French,NOUN,131,yes,-6.5558,1.1236,-0.5631,0.1935,0.746,0.5354,1,1,1,1,south
243,594,appeler,French,VERB,132,yes,3.8975,-1.8367,2.6068,0.6976,0.6622,0.7244,5,4,3,2,to call
27,44,général,French,ADJ,134,yes,2.3535,2.5328,1.2523,0.6231,0.7859,0.6437,5,4,3,2,general
338,901,club,French,NOUN,135,yes,-1.8736,-1.6443,-1.1883,0.4193,0.6676,0.4982,2,1,1,1,club
33,53,entrer,French,VERB,136,yes,-0.9361,-2.623,0.3678,0.4645,0.6399,0.5909,2,1,1,1,walk in
83,173,saison,French,NOUN,137,yes,-1.257,-2.0829,0.4014,0.449,0.6552,0.5929,2,1,1,1,season
129,280,compter,French,VERB,138,yes,2.4733,-1.8457,1.3155,0.6289,0.6619,0.6474,5,4,3,2,count
16,25,château,French,NOUN,139,yes,-1.5088,-1.2778,0.9143,0.4369,0.678,0.6235,2,1,1,1,castle
130,282,habitant,French,NOUN,140,yes,-2.6865,-1.6605,1.4495,0.3801,0.6672,0.6554,2,1,1,1,inhabitant
48,2133,roi,French,NOUN,141,yes,-3.9296,0.764,-2.3626,0.3201,0.7358,0.4282,1,1,1,1,King
255,634,fait,French,NOUN,142,yes,-7.8069,0.7001,-0.0018,0.1332,0.734,0.5689,1,1,1,1,do
494,1965,espèce,French,NOUN,143,yes,-3.6999,-0.9001,-1.0417,0.3312,0.6887,0.5069,2,1,1,1,species
57,113,effet,French,NOUN,144,yes,-8.1915,4.0785,-6.8211,0.1146,0.8296,0.1624,1,1,1,1,effect
121,255,eau,French,NOUN,145,yes,-4.3348,0.256,0.0867,0.3006,0.7214,0.5742,1,1,1,1,water
124,264,donc,French,ADV,146,yes,4.7348,3.3215,-1.2693,0.7379,0.8082,0.4933,5,4,3,2,so
358,1007,cela,French,PRON,147,yes,3.1899,1.4301,-1.2272,0.6634,0.7546,0.4958,5,4,3,2,that
459,1586,5,French,NUM,148,yes,-1.0562,-1.5881,3.4272,0.4587,0.6692,0.7733,2,1,1,1,5
234,564,centre,French,NOUN,149,yes,-2.6895,-3.0606,1.7368,0.3799,0.6275,0.6726,2,1,1,1,center
113,244,environ,French,ADV,150,yes,9.7679,3.357,3.3306,0.9806,0.8092,0.7676,4,3,3,2,about
485,1820,village,French,NOUN,151,yes,-5.2393,0.6248,-2.5037,0.257,0.7319,0.4197,1,1,1,1,town
421,1318,coupe,French,NOUN,152,yes,-2.8995,-2.0899,1.1129,0.3698,0.655,0.6354,2,1,1,1,chopped off
273,693,jusque,French,ADP,153,yes,8.0346,2.528,2.3724,0.8971,0.7857,0.7105,4,3,3,2,until
86,178,petit,French,ADJ,154,yes,4.6558,1.5087,1.1887,0.7341,0.7569,0.6399,5,4,3,2,little
395,1206,ligne,French,NOUN,155,yes,-2.6593,-1.0496,1.8678,0.3814,0.6845,0.6804,2,1,1,1,line
269,679,notamment,French,ADV,156,yes,-3.1211,1.1861,1.8258,0.3591,0.7477,0.6779,2,1,1,1,notably
303,780,niveau,French,NOUN,157,yes,-2.7087,-0.9534,1.2251,0.379,0.6872,0.642,2,1,1,1,level
336,899,2,French,NUM,158,yes,0.1058,-0.7259,2.3852,0.5147,0.6936,0.7112,5,4,3,2,2
275,709,dès,French,ADP,159,yes,5.4754,1.9554,1.4924,0.7737,0.7695,0.658,4,3,3,2,of the
256,635,utiliser,French,VERB,160,yes,-0.5539,-0.9384,-2.3637,0.4829,0.6876,0.4281,5,4,3,2,utilize
323,871,histoire,French,NOUN,161,yes,-3.2641,-1.8896,1.1689,0.3522,0.6607,0.6387,2,1,1,1,story
433,1390,département,French,NOUN,162,yes,-5.3845,0.8181,-1.4266,0.25,0.7373,0.484,1,1,1,1,department
175,407,toujours,French,ADV,163,yes,-2.1827,4.7172,-4.4,0.4044,0.8477,0.3067,5,4,3,2,still
291,745,enfant,French,NOUN,164,yes,-2.2231,-1.3726,1.2564,0.4024,0.6753,0.6439,2,1,1,1,child
454,1534,chaque,French,DET,165,yes,6.3112,5.6272,-5.1077,0.814,0.8734,0.2645,4,3,3,2,each
239,581,2011,French,NUM,166,yes,-3.2001,1.102,1.2296,0.3553,0.7454,0.6423,2,1,1,1,2011
296,759,nord,French,NOUN,167,yes,-5.8501,1.5192,-3.9341,0.2275,0.7572,0.3345,1,1,1,1,north
60,120,point,French,NOUN,168,yes,-3.3946,-1.8792,-0.2275,0.3459,0.661,0.5555,2,1,1,1,point
141,309,quatre,French,NUM,169,yes,-0.0098,2.2687,-1.3178,0.5092,0.7784,0.4904,2,1,1,1,four
101,218,pouvoir,French,NOUN,170,yes,2.88,-6.5134,-1.5188,0.6485,0.5298,0.4785,5,4,3,2,power
59,118,pouvoir,French,NOUN,170,yes,-3.9592,-1.3253,2.0624,0.3187,0.6767,0.692,2,1,1,1,power
458,1566,2009,French,NUM,171,yes,1.9384,0.1642,2.3714,0.6031,0.7188,0.7104,2,1,1,1,2009
400,1247,tant,French,ADV,172,yes,1.2085,2.5719,-0.0345,0.5679,0.787,0.567,5,4,3,2,so much
415,1291,suite,French,NOUN,173,yes,-4.3784,0.6642,-2.5969,0.2985,0.733,0.4142,1,1,1,1,after
394,1196,étude,French,NOUN,174,yes,-3.6639,-0.9709,0.77,0.3329,0.6867,0.6149,1,1,1,1,study
134,287,jeu,French,NOUN,176,yes,-1.8319,-1.692,1.8044,0.4213,0.6663,0.6766,2,1,1,1,Game
32,2100,obtenir,French,VERB,177,yes,2.1718,-2.4021,0.671,0.6144,0.6462,0.609,5,4,3,2,obtain
299,2816,durant,French,ADP,178,yes,6.9901,4.4182,-2.3524,0.8467,0.8392,0.4288,4,3,3,2,during
84,175,beaucoup,French,ADV,179,yes,3.9527,0.0451,3.3017,0.7002,0.7154,0.7659,2,1,1,1,a lot
115,247,personne,French,NOUN,180,yes,-0.806,-2.8167,2.1561,0.4708,0.6344,0.6976,2,1,1,1,nobody
148,335,réaliser,French,VERB,181,yes,0.5555,-1.4061,1.0562,0.5364,0.6744,0.632,2,1,1,1,achieve
133,2334,championnat,French,NOUN,183,yes,-2.5428,-2.266,-0.6376,0.387,0.65,0.531,2,1,1,1,championship
359,1009,constituer,French,VERB,184,yes,3.238,0.0345,-1.8258,0.6658,0.7151,0.4602,5,4,3,2,constitute
484,1813,joueur,French,NOUN,185,yes,-0.7271,-2.4249,1.5317,0.4746,0.6455,0.6603,2,1,1,1,player
383,1144,commencer,French,VERB,186,yes,2.53,-0.6721,-1.7776,0.6316,0.6951,0.463,5,4,3,2,begin
488,1896,édition,French,NOUN,187,yes,-2.6988,-1.2748,-0.8939,0.3795,0.6781,0.5157,2,1,1,1,editing
342,914,afin,French,ADV,188,yes,2.2529,3.5426,-3.5119,0.6183,0.8144,0.3596,5,4,3,2,in order to
39,68,comprendre,French,VERB,189,yes,-0.6908,-0.2058,-0.8282,0.4763,0.7083,0.5196,2,1,1,1,to understand
289,740,second,French,ADJ,190,yes,7.6859,3.9809,-1.0073,0.8803,0.8269,0.509,4,3,3,2,second
378,1123,car,French,CCONJ,191,yes,5.157,3.0813,-2.7734,0.7583,0.8014,0.4037,5,4,3,2,because
8,2061,souvent,French,ADV,192,yes,0.7553,1.3904,1.8498,0.546,0.7535,0.6793,2,1,1,1,often
407,1267,4,French,NUM,193,yes,-0.5012,-0.3284,3.2332,0.4855,0.7049,0.7618,2,1,1,1,4
420,1312,remporter,French,VERB,194,yes,-0.0202,-1.0847,-3.6125,0.5086,0.6835,0.3536,5,4,3,2,win
140,305,agir,French,VERB,195,yes,1.2468,0.574,0.5657,0.5697,0.7304,0.6027,5,4,3,2,to act
310,2853,jouer,French,VERB,196,yes,0.7133,-1.0772,-2.3037,0.544,0.6837,0.4317,5,4,3,2,to play
187,436,ancien,French,ADJ,197,yes,-0.6226,0.1115,-0.159,0.4796,0.7173,0.5595,5,4,3,2,ancient
414,1285,national,French,ADJ,198,yes,9.4642,3.0717,2.9527,0.966,0.8011,0.745,4,3,3,2,national
426,1351,chef,French,NOUN,199,yes,-4.688,0.2936,-1.2116,0.2836,0.7225,0.4968,1,1,1,1,chief
402,1250,origine,French,NOUN,200,yes,-4.2315,-0.3403,1.3021,0.3056,0.7045,0.6466,1,1,1,1,origin
144,2377,football,French,NOUN,201,yes,-3.6875,0.3444,-1.7502,0.3318,0.7239,0.4647,2,1,1,1,soccer
242,586,paris,French,PROPN,202,yes,-1.5383,0.7853,1.0363,0.4354,0.7364,0.6308,2,1,1,1,Paris
119,253,encore,French,ADV,203,yes,2.2941,2.1942,-2.1079,0.6202,0.7763,0.4433,5,4,3,2,Again
47,83,un,French,NUM,204,yes,7.6379,-12.3754,-3.9558,0.8779,0.3639,0.3332,3,2,2,2,a
151,336,un,French,NUM,204,yes,7.497,2.9174,0.5515,0.8711,0.7967,0.6019,4,3,3,2,a
137,297,un,French,NUM,204,yes,1.2334,-2.444,-1.0558,0.5691,0.645,0.5061,5,4,3,2,a
406,1266,porter,French,VERB,205,yes,0.6652,0.0703,-2.8583,0.5417,0.7162,0.3986,5,4,3,2,carry
132,284,affaire,French,NOUN,206,yes,-4.5689,0.4259,-0.6326,0.2893,0.7262,0.5313,1,1,1,1,affair
297,762,représenter,French,VERB,207,yes,1.819,-0.277,-1.0824,0.5973,0.7063,0.5045,5,4,3,2,represent
281,724,moins,French,ADV,208,yes,-4.9166,1.4698,-2.9319,0.2725,0.7558,0.3942,1,1,1,1,less
238,580,mai,French,NOUN,209,yes,6.2431,0.886,4.382,0.8107,0.7392,0.8303,4,3,3,2,may
178,416,armée,French,NOUN,210,yes,-3.9881,0.4293,-0.6131,0.3173,0.7263,0.5325,1,1,1,1,army
96,203,créer,French,VERB,211,yes,1.9999,-1.1081,0.4622,0.6061,0.6828,0.5966,5,4,3,2,create
54,108,ensuite,French,ADV,212,yes,6.7027,4.8641,-1.9403,0.8328,0.8519,0.4533,4,3,3,2,afterwards
447,1507,mourir,French,VERB,213,yes,3.9851,0.2101,2.7407,0.7018,0.7201,0.7324,2,1,1,1,die
77,159,aujourd'hui,French,ADV,214,yes,4.0538,2.3412,-1.7398,0.7051,0.7804,0.4653,5,4,3,2,today
30,48,toutefois,French,ADV,215,yes,3.809,3.6577,-2.1057,0.6933,0.8177,0.4435,5,4,3,2,Nevertheless
81,2214,femme,French,NOUN,216,yes,-2.2229,-1.2761,1.479,0.4024,0.678,0.6572,2,1,1,1,women
219,524,membre,French,NOUN,217,yes,-1.9484,-1.6122,-1.6444,0.4157,0.6685,0.471,2,1,1,1,member
437,1427,série,French,NOUN,218,yes,-2.4859,-0.7108,0.209,0.3897,0.694,0.5815,2,1,1,1,series
170,389,tout,French,ADV,219,yes,6.1652,2.319,-1.2453,0.8069,0.7798,0.4948,5,4,3,2,everything
172,397,tout,French,ADV,219,yes,-1.5766,0.0723,3.4781,0.4336,0.7162,0.7764,2,1,1,1,everything
492,1944,tout,French,ADV,219,yes,-5.0581,-1.1895,3.407,0.2657,0.6805,0.7721,2,1,1,1,everything
202,472,tout,French,ADV,219,yes,6.3261,1.0809,-0.643,0.8147,0.7448,0.5307,5,4,3,2,everything
382,1134,travail,French,NOUN,220,yes,-4.6627,0.8405,-1.5939,0.2848,0.738,0.474,1,1,1,1,work
72,150,ailleurs,French,ADV,221,yes,-6.4158,4.6649,-3.8537,0.2002,0.8462,0.3393,1,1,1,1,somewhere else
79,163,valeur,French,NOUN,222,yes,-4.9099,-1.1893,3.5687,0.2729,0.6805,0.7818,2,1,1,1,value
258,640,maison,French,NOUN,223,yes,-3.2259,0.2131,-1.5745,0.3541,0.7202,0.4751,1,1,1,1,home
371,1057,place,French,NOUN,224,yes,-3.1645,-1.975,2.1101,0.357,0.6583,0.6948,2,1,1,1,square
377,1114,activité,French,NOUN,225,yes,-3.4751,-2.2185,-0.3063,0.342,0.6514,0.5508,2,1,1,1,activity
353,970,rôle,French,NOUN,226,yes,-3.004,-0.7338,-1.8852,0.3648,0.6934,0.4566,2,1,1,1,role
66,137,forme,French,NOUN,227,yes,-4.8522,-0.3647,1.4043,0.2756,0.7038,0.6527,1,1,1,1,form
364,3085,association,French,NOUN,228,yes,-2.0641,-1.74,0.9569,0.4101,0.6649,0.6261,2,1,1,1,association
442,1478,question,French,NOUN,229,yes,-6.303,-0.8969,-1.3386,0.2057,0.6888,0.4892,2,1,1,1,question
341,907,parti,French,NOUN,230,yes,-1.399,-1.5879,3.5748,0.4422,0.6692,0.7821,2,1,1,1,left
372,1079,produire,French,VERB,231,yes,-1.5332,-1.0792,-1.8567,0.4357,0.6836,0.4583,2,1,1,1,produce
403,1256,supérieur,French,ADJ,232,yes,2.1337,-0.0456,2.3934,0.6125,0.7129,0.7117,5,4,3,2,superior
466,1621,meilleur,French,ADJ,233,yes,7.1139,5.4785,-3.616,0.8527,0.8692,0.3534,4,3,3,2,better
162,2421,venir,French,VERB,234,yes,2.0288,-0.0716,-0.2786,0.6075,0.7121,0.5524,5,4,3,2,come
254,633,celui-ci,French,PRON,236,yes,-4.6938,1.2126,0.0296,0.2833,0.7485,0.5708,1,1,1,1,this one
247,611,retrouver,French,VERB,237,yes,-0.3279,-2.5539,1.1489,0.4938,0.6419,0.6375,2,1,1,1,to regain
49,86,servir,French,VERB,238,yes,1.9062,-1.0632,-0.2429,0.6015,0.6841,0.5545,5,4,3,2,to serve
157,2396,allemand,French,ADJ,239,yes,9.3106,1.9957,7.0376,0.9586,0.7707,0.9886,4,3,3,2,German
220,525,gouvernement,French,NOUN,240,yes,-1.1708,-0.904,0.9069,0.4532,0.6886,0.6231,2,1,1,1,government
393,3237,université,French,NOUN,241,yes,-5.7378,0.7122,-0.7172,0.2329,0.7343,0.5263,1,1,1,1,university
440,1451,projet,French,NOUN,242,yes,-2.6766,-0.8685,1.2613,0.3806,0.6896,0.6442,2,1,1,1,project
298,766,seulement,French,ADV,243,yes,5.879,3.5332,0.953,0.7931,0.8142,0.6258,4,3,3,2,only
12,19,œuvre,French,NOUN,244,yes,-4.9932,0.6271,-4.282,0.2688,0.7319,0.3137,1,1,1,1,work
472,1727,jean,French,PROPN,245,yes,-4.911,0.975,-0.6208,0.2728,0.7418,0.532,1,1,1,1,Jeans
82,172,tard,French,ADV,246,yes,-1.0807,-0.9296,-0.1316,0.4575,0.6879,0.5612,5,4,3,2,late
418,1301,mort,French,NOUN,247,yes,-2.9399,-0.32,2.0467,0.3679,0.7051,0.691,2,1,1,1,dead
78,162,haut,French,ADJ,248,yes,7.6344,3.6577,-0.3891,0.8778,0.8177,0.5458,4,3,3,2,high
284,728,autre,French,PRON,249,yes,-2.7822,-0.6904,-0.9242,0.3755,0.6946,0.5139,2,1,1,1,other
85,177,autre,French,PRON,249,yes,2.8962,0.0303,-0.2021,0.6493,0.715,0.557,5,4,3,2,other
26,42,communauté,French,NOUN,250,yes,-1.8319,-2.1547,4.2014,0.4213,0.6532,0.8195,2,1,1,1,community
417,1295,important,French,ADJ,251,yes,-0.1736,-0.172,3.9496,0.5012,0.7093,0.8045,2,1,1,1,important
339,902,terminer,French,VERB,252,yes,-1.7266,-1.2952,-0.7394,0.4264,0.6775,0.5249,2,1,1,1,to end
217,518,rendre,French,VERB,253,yes,2.1135,-0.5759,-0.4268,0.6115,0.6979,0.5436,5,4,3,2,to return
401,1248,entrée,French,NOUN,254,yes,-5.8511,1.4923,-2.1891,0.2275,0.7564,0.4385,1,1,1,1,hall
435,1406,lorsque,French,SCONJ,255,yes,2.3541,4.1314,-2.2752,0.6231,0.8311,0.4334,5,4,3,2,when
309,801,musique,French,NOUN,256,yes,-7.0406,2.0623,-1.4825,0.1701,0.7725,0.4806,1,1,1,1,music
237,577,division,French,NOUN,257,yes,-4.1768,0.1397,-1.3094,0.3082,0.7181,0.4909,1,1,1,1,division
52,90,service,French,NOUN,258,yes,-5.8884,-0.8483,-0.9884,0.2257,0.6902,0.5101,2,1,1,1,service
191,2498,raison,French,NOUN,259,yes,-3.2004,-1.1783,-0.37,0.3553,0.6808,0.547,2,1,1,1,raison
218,519,île,French,NOUN,260,yes,-3.209,-0.8388,1.764,0.3549,0.6904,0.6742,2,1,1,1,island
412,1283,formation,French,NOUN,261,yes,-6.3746,0.8455,-1.6215,0.2022,0.7381,0.4723,1,1,1,1,training
483,1807,nommer,French,VERB,262,yes,0.7624,0.1231,-2.0948,0.5464,0.7177,0.4441,5,4,3,2,appoint
168,385,parler,French,VERB,263,yes,3.0893,-1.4478,1.3656,0.6586,0.6732,0.6504,5,4,3,2,talk
102,220,penser,French,VERB,264,yes,-0.8627,-1.1883,-1.0597,0.468,0.6805,0.5058,5,4,3,2,think
248,615,ensemble,French,NOUN,265,yes,-0.5891,-0.2225,-0.3536,0.4812,0.7079,0.5479,2,1,1,1,together
347,948,chanson,French,NOUN,266,yes,-4.4684,0.1445,-1.0537,0.2941,0.7183,0.5062,1,1,1,1,song
250,620,demander,French,VERB,267,yes,1.1359,-1.1223,-1.1027,0.5644,0.6824,0.5033,5,4,3,2,ask
467,1639,suivre,French,VERB,268,yes,3.3227,-0.451,-0.1474,0.6698,0.7014,0.5602,5,4,3,2,follow
236,576,dire,French,VERB,269,yes,-2.0084,-0.9515,-0.7117,0.4128,0.6872,0.5266,2,1,1,1,say
451,1521,présence,French,NOUN,270,yes,-2.7678,-2.387,2.8365,0.3762,0.6466,0.7381,2,1,1,1,presence
62,128,rejoindre,French,VERB,271,yes,1.8633,-1.3105,2.4759,0.5995,0.6771,0.7166,5,4,3,2,rejoin
422,1330,public,French,ADJ,272,yes,9.7432,5.6631,-0.936,0.9795,0.8745,0.5132,4,3,3,2,audience
430,1373,langue,French,NOUN,273,yes,-1.2062,-0.9934,0.8678,0.4515,0.6861,0.6207,2,1,1,1,language
75,156,propre,French,ADJ,274,yes,8.4574,3.2243,0.4267,0.9175,0.8054,0.5945,4,3,3,2,own
487,1823,côté,French,NOUN,275,yes,-6.8693,1.3066,-1.2662,0.1784,0.7512,0.4935,1,1,1,1,side
444,1494,chambre,French,NOUN,276,yes,-7.3055,1.579,0.0492,0.1573,0.7589,0.5719,1,1,1,1,bedroom
116,2298,acteur,French,NOUN,277,yes,-4.1691,-0.8342,0.7643,0.3086,0.6906,0.6146,2,1,1,1,actor
245,602,certain,French,ADJ,278,yes,0.0669,3.6014,-2.6658,0.5128,0.8161,0.4101,5,4,3,2,certain
313,837,certain,French,ADJ,278,yes,7.021,3.7777,0.0081,0.8482,0.8211,0.5695,4,3,3,2,certain
277,2761,société,French,NOUN,279,yes,-3.3761,-0.2469,1.3751,0.3468,0.7072,0.651,1,1,1,1,society
334,888,lui-même,French,PRON,280,yes,-4.6761,2.4012,-2.0291,0.2841,0.7821,0.448,1,1,1,1,himself
428,1358,jeune,French,ADJ,281,yes,7.9034,2.3576,2.2132,0.8907,0.7809,0.701,4,3,3,2,young
293,750,mètre,French,NOUN,282,yes,-3.6148,-0.6403,3.6508,0.3353,0.696,0.7867,2,1,1,1,metre
230,554,mener,French,VERB,283,yes,0.5357,-1.0406,-0.5202,0.5355,0.6847,0.538,5,4,3,2,carry out
431,1379,prix,French,NOUN,284,yes,-2.5168,-0.1342,-0.5518,0.3883,0.7104,0.5361,2,1,1,1,price
264,659,face,French,NOUN,285,yes,-3.8386,3.1495,-0.6857,0.3245,0.8033,0.5281,5,4,3,2,face
366,1050,cas,French,NOUN,286,yes,-3.247,-1.1379,-0.5464,0.353,0.682,0.5364,2,1,1,1,case
222,534,mouvement,French,NOUN,287,yes,-2.6525,-1.271,1.3207,0.3817,0.6782,0.6477,2,1,1,1,movement
154,343,but,French,NOUN,288,yes,-1.5738,-1.0931,0.3429,0.4337,0.6832,0.5895,2,1,1,1,aim
327,2923,italien,French,ADJ,289,yes,1.579,0.7157,6.0019,0.5858,0.7344,0.9268,2,1,1,1,Italian
369,1053,non,French,ADV,290,yes,6.7138,3.5481,-0.024,0.8334,0.8146,0.5676,4,3,3,2,Nope
149,2383,signer,French,VERB,291,yes,3.3767,-1.1747,0.5294,0.6725,0.6809,0.6006,5,4,3,2,sign
375,3150,occuper,French,VERB,292,yes,0.567,-1.9393,1.1178,0.537,0.6593,0.6357,2,1,1,1,to occupy
176,410,ordre,French,NOUN,293,yes,-2.1425,-2.3966,2.2921,0.4063,0.6463,0.7057,2,1,1,1,order
201,471,recherche,French,NOUN,294,yes,-6.8496,1.2886,-3.1154,0.1793,0.7506,0.3833,1,1,1,1,research
171,395,mondial,French,ADJ,295,yes,7.9632,6.6999,-3.3155,0.8936,0.9038,0.3713,4,3,3,2,global
279,720,partir,French,VERB,296,yes,-3.5919,2.1838,-3.3643,0.3364,0.776,0.3684,1,1,1,1,leave
244,601,cependant,French,ADV,297,yes,2.3103,3.0009,-0.6677,0.621,0.7991,0.5292,5,4,3,2,however
158,350,vie,French,NOUN,298,yes,-3.8622,-1.2806,3.1982,0.3234,0.6779,0.7597,2,1,1,1,life
203,473,match,French,NOUN,299,yes,-0.6139,-1.8055,2.0578,0.48,0.6631,0.6917,2,1,1,1,match
295,755,états-unis,French,PROPN,300,yes,-9.4405,3.0351,-2.6887,0.0544,0.8001,0.4087,1,1,1,1,United States
312,2872,euro,French,NOUN,301,yes,-4.0398,0.6649,3.9795,0.3148,0.733,0.8063,2,1,1,1,euro
292,748,tour,French,NOUN,302,yes,-3.2059,-0.4214,-0.4051,0.355,0.7022,0.5449,2,1,1,1,round
387,1168,appartenir,French,VERB,303,yes,5.4088,0.8118,-0.8322,0.7704,0.7371,0.5194,5,4,3,2,belong
397,1219,former,French,VERB,304,yes,1.156,1.4182,-1.0239,0.5654,0.7543,0.508,5,4,3,2,form
308,794,aucun,French,DET,305,yes,9.7447,6.5258,-1.3564,0.9795,0.8989,0.4881,4,3,3,2,none
114,246,million,French,NOUN,306,yes,-0.2779,-1.6507,1.2321,0.4962,0.6674,0.6425,2,1,1,1,million
481,1800,20,French,NUM,307,yes,1.5364,-0.294,6.7352,0.5837,0.7058,0.9705,2,1,1,1,20
478,1792,11,French,NUM,308,yes,2.6477,-0.2824,5.0896,0.6373,0.7062,0.8724,2,1,1,1,11
389,1178,part,French,NOUN,309,yes,-5.0368,1.9022,-2.393,0.2667,0.768,0.4263,1,1,1,1,go
388,1175,tenter,French,VERB,310,yes,-1.7991,0.3286,-1.5366,0.4229,0.7235,0.4774,2,1,1,1,to attempt
470,3739,placer,French,VERB,311,yes,-1.7159,0.0205,-1.5621,0.4269,0.7147,0.4759,2,1,1,1,to place
17,30,problème,French,NOUN,312,yes,-6.1163,-1.4056,1.1661,0.2147,0.6744,0.6385,1,1,1,1,problem
131,283,2010,French,NUM,313,yes,4.5604,1.4162,4.7264,0.7295,0.7543,0.8508,4,3,3,2,2010
80,164,militaire,French,ADJ,314,yes,8.9126,4.2814,0.4791,0.9394,0.8354,0.5976,4,3,3,2,military
396,1214,organiser,French,VERB,315,yes,1.2169,-0.0107,0.4592,0.5683,0.7139,0.5964,5,4,3,2,arrange
473,1759,construire,French,VERB,316,yes,-1.2827,0.3443,-0.4658,0.4478,0.7239,0.5412,2,1,1,1,to build
117,251,population,French,NOUN,317,yes,-5.6482,0.0328,2.609,0.2373,0.7151,0.7246,1,1,1,1,population
53,97,tel,French,ADJ,318,yes,8.074,3.7957,-0.0062,0.899,0.8216,0.5686,4,3,3,2,Phone
391,3235,composer,French,VERB,319,yes,3.0228,0.7671,-0.4677,0.6554,0.7359,0.5411,5,4,3,2,compose
9,14,considérer,French,VERB,320,yes,1.9298,-0.38,-0.1167,0.6027,0.7034,0.5621,5,4,3,2,consider
398,1239,cinéma,French,NOUN,321,yes,-6.1579,0.0602,1.0959,0.2127,0.7159,0.6343,1,1,1,1,movie theater
213,506,sembler,French,VERB,322,yes,-1.2101,-0.0481,-1.4252,0.4513,0.7128,0.484,2,1,1,1,seem
346,947,10,French,NUM,323,yes,-1.5429,0.5457,2.2723,0.4352,0.7296,0.7045,2,1,1,1,10
497,4086,2012,French,NUM,324,yes,-1.3222,0.1974,3.2206,0.4459,0.7198,0.761,2,1,1,1,2012
233,2610,territoire,French,NOUN,325,yes,-1.687,-0.7276,1.6801,0.4283,0.6936,0.6692,2,1,1,1,territory
262,656,conseil,French,NOUN,326,yes,-1.0154,-1.1854,5.1249,0.4607,0.6806,0.8745,2,1,1,1,advice
67,2187,3,French,NUM,327,yes,-0.2843,0.7787,2.1015,0.4959,0.7362,0.6943,2,1,1,1,3
399,1244,père,French,NOUN,328,yes,-7.3419,1.5163,-2.7055,0.1556,0.7571,0.4077,1,1,1,1,dad
212,498,français,French,NOUN,329,yes,7.7704,0.4188,1.4167,0.8843,0.726,0.6535,4,3,3,2,French
106,229,français,French,NOUN,329,yes,-2.9485,0.1463,3.3328,0.3674,0.7183,0.7677,2,1,1,1,French
107,230,déjà,French,ADV,330,yes,2.1332,4.4642,-3.7944,0.6125,0.8405,0.3428,5,4,3,2,already
413,1284,école,French,NOUN,331,yes,-4.3888,-0.7892,3.1977,0.298,0.6918,0.7597,2,1,1,1,school
349,952,source,French,NOUN,332,yes,-4.2572,0.9856,-1.9526,0.3043,0.7421,0.4526,1,1,1,1,source
127,2323,frère,French,NOUN,333,yes,-4.2103,0.1005,1.7788,0.3066,0.717,0.6751,1,1,1,1,brother
153,2388,présenter,French,VERB,334,yes,-0.8123,-0.3827,-1.8637,0.4705,0.7033,0.4579,5,4,3,2,to present
425,1349,époque,French,NOUN,335,yes,-5.1883,1.6374,-2.9016,0.2594,0.7605,0.396,1,1,1,1,era
274,703,milieu,French,NOUN,336,yes,-2.6936,-1.2822,0.3524,0.3797,0.6779,0.59,2,1,1,1,environment
103,2269,espagnol,French,ADJ,337,yes,3.1394,1.0416,3.7062,0.661,0.7437,0.79,2,1,1,1,Spanish
43,76,proposer,French,VERB,338,yes,-0.8109,-0.7251,0.8529,0.4705,0.6936,0.6199,5,4,3,2,to propose
330,881,août,French,NOUN,339,yes,-3.1536,1.7595,3.6934,0.3575,0.764,0.7892,2,1,1,1,august
475,1773,vivre,French,VERB,340,yes,4.4964,-0.1013,1.3036,0.7264,0.7113,0.6467,5,4,3,2,live
333,884,savoir,French,VERB,341,yes,-3.4655,0.0168,-2.1658,0.3425,0.7146,0.4399,2,1,1,1,to know
449,1513,évêque,French,NOUN,342,yes,-5.479,2.0813,-2.1339,0.2454,0.7731,0.4418,1,1,1,1,bishop
188,437,écrire,French,VERB,343,yes,-2.8396,0.7656,-0.8167,0.3727,0.7358,0.5203,2,1,1,1,to write
290,2789,tenir,French,VERB,344,yes,0.8116,-0.5479,-0.1312,0.5488,0.6987,0.5612,5,4,3,2,hold
271,688,cadre,French,NOUN,345,yes,-2.9034,0.335,0.1342,0.3696,0.7237,0.577,1,1,1,1,frame
427,1355,quand,French,SCONJ,346,yes,3.7082,2.4051,0.9823,0.6884,0.7822,0.6276,5,4,3,2,when
265,2708,parmi,French,ADP,347,yes,6.7176,2.8573,2.094,0.8336,0.795,0.6939,4,3,3,2,among
384,1145,carrière,French,NOUN,348,yes,-3.7593,1.2583,-2.6823,0.3283,0.7498,0.4091,1,1,1,1,career
337,900,1,French,NUM,349,yes,0.203,0.7083,3.9081,0.5194,0.7342,0.802,2,1,1,1,1
193,452,terre,French,NOUN,350,yes,-5.0128,-0.0525,-0.0033,0.2679,0.7127,0.5688,1,1,1,1,earth
424,1347,gare,French,NOUN,351,yes,-5.5848,0.4803,-0.7536,0.2403,0.7278,0.5241,1,1,1,1,station
95,201,exister,French,VERB,352,yes,4.4168,1.1647,-2.5045,0.7226,0.7471,0.4197,5,4,3,2,to exist
432,1383,the,French,PROPN,353,yes,-3.2368,-0.1351,3.6141,0.3535,0.7103,0.7845,2,1,1,1,tea
31,4146,mars,French,NOUN,354,yes,3.2986,1.3585,4.0039,0.6687,0.7526,0.8077,2,1,1,1,march
495,1970,deuxième,French,ADJ,355,yes,7.4256,3.7264,-2.6864,0.8677,0.8196,0.4089,4,3,3,2,second
408,1273,historique,French,ADJ,356,yes,7.0902,3.3257,-1.0857,0.8515,0.8083,0.5043,4,3,3,2,historical
229,552,développement,French,NOUN,357,yes,-3.4075,-0.6283,0.9588,0.3453,0.6964,0.6262,1,1,1,1,development
457,1562,âge,French,NOUN,358,yes,-4.2604,-0.9807,0.3595,0.3042,0.6864,0.5904,2,1,1,1,age
163,2424,heure,French,NOUN,359,yes,-2.6442,-1.5385,2.253,0.3821,0.6706,0.7033,2,1,1,1,hour
354,978,élection,French,NOUN,360,yes,-4.7164,0.4289,0.4346,0.2822,0.7263,0.5949,1,1,1,1,election
300,769,du,French,DET,361,yes,7.7177,6.3641,-2.1655,0.8818,0.8943,0.4399,4,3,3,2,from
314,838,battre,French,VERB,362,yes,-0.4843,-0.6696,-1.2746,0.4863,0.6952,0.493,5,4,3,2,to beat
147,332,accompagner,French,VERB,363,yes,0.2378,-0.0682,2.6787,0.5211,0.7122,0.7287,2,1,1,1,to accompany
490,1928,marquer,French,VERB,364,yes,2.2209,1.8077,-2.0138,0.6167,0.7653,0.449,5,4,3,2,to mark
351,960,laisser,French,VERB,365,yes,3.1209,-0.0932,-1.5355,0.6601,0.7115,0.4775,5,4,3,2,let
240,582,président,French,NOUN,366,yes,-2.7187,0.1521,2.2563,0.3785,0.7185,0.7035,2,1,1,1,President
376,1113,principal,French,ADJ,367,yes,7.5382,4.9443,-3.0258,0.8731,0.8541,0.3886,4,3,3,2,major
307,792,économique,French,ADJ,368,yes,0.327,3.5078,-1.1042,0.5254,0.8135,0.5032,5,4,3,2,economic
434,1404,peu,French,NOUN,369,yes,2.7549,1.4482,1.6103,0.6425,0.7552,0.665,5,4,3,2,little
135,286,peu,French,NOUN,369,yes,-0.574,10.0981,-8.3971,0.4819,1.0,0.0684,4,3,3,2,little
282,2773,anglais,French,NOUN,370,yes,-4.7043,-0.9724,1.572,0.2828,0.6866,0.6627,1,1,1,1,English
215,2558,sein,French,NOUN,371,yes,-0.6281,0.0965,1.5764,0.4793,0.7169,0.663,5,4,3,2,breast
46,81,domaine,French,NOUN,372,yes,-5.0975,1.6753,-0.1844,0.2638,0.7616,0.558,1,1,1,1,domain
368,3100,reprendre,French,VERB,373,yes,0.8746,-0.3124,-0.5593,0.5518,0.7053,0.5357,5,4,3,2,to resume
165,2428,livre,French,NOUN,374,yes,-5.5584,1.1521,-1.3058,0.2416,0.7468,0.4912,1,1,1,1,book
441,3513,genre,French,NOUN,375,yes,-4.193,0.6833,-1.6886,0.3074,0.7335,0.4683,1,1,1,1,gender
306,2839,décider,French,VERB,376,yes,-3.1388,0.1976,0.4224,0.3583,0.7198,0.5942,2,1,1,1,decide
177,414,poste,French,NOUN,377,yes,-7.181,2.0116,-2.3055,0.1633,0.7711,0.4316,1,1,1,1,job
362,1032,passage,French,NOUN,378,yes,-3.4893,-0.0433,0.5479,0.3414,0.7129,0.6017,1,1,1,1,passage
460,1604,continuer,French,VERB,379,yes,-2.5239,-0.9,-0.0307,0.3879,0.6887,0.5672,2,1,1,1,Continue
455,1539,près,French,ADV,380,yes,-3.3913,0.8696,2.1125,0.3461,0.7388,0.695,2,1,1,1,close
92,2242,route,French,NOUN,381,yes,-3.3353,0.4411,0.9817,0.3488,0.7267,0.6275,1,1,1,1,road
183,2476,24,French,NUM,382,yes,0.1288,-0.2135,4.3537,0.5158,0.7081,0.8286,2,1,1,1,24
489,3963,2005,French,NUM,383,yes,5.0615,-0.1168,6.4406,0.7537,0.7109,0.953,4,3,3,2,2005
195,460,entreprise,French,NOUN,384,yes,-3.7196,1.3658,0.6003,0.3303,0.7528,0.6048,1,1,1,1,company
304,787,politique,French,NOUN,385,yes,-4.6256,-0.0781,4.2212,0.2866,0.712,0.8207,2,1,1,1,Politics
257,637,politique,French,NOUN,385,yes,7.6796,3.6568,-0.0785,0.8799,0.8177,0.5643,4,3,3,2,Politics
479,3841,siège,French,NOUN,386,yes,-2.98,-1.3741,3.5474,0.3659,0.6753,0.7805,2,1,1,1,headquarters
63,130,europe,French,PROPN,387,yes,-3.3166,-0.1952,2.3166,0.3497,0.7086,0.7071,1,1,1,1,Europe
232,2607,vouloir,French,VERB,388,yes,3.7853,0.6789,-1.5798,0.6922,0.7334,0.4748,5,4,3,2,want to
174,2453,ministre,French,NOUN,389,yes,-3.0769,1.4774,-1.4583,0.3612,0.756,0.4821,2,1,1,1,minister
204,474,désigner,French,VERB,390,yes,1.4869,0.7589,-0.6947,0.5813,0.7356,0.5276,5,4,3,2,designate
261,2693,2007,French,NUM,391,yes,2.1248,1.7159,3.3469,0.6121,0.7627,0.7685,2,1,1,1,2007
468,1649,action,French,NOUN,392,yes,-2.7887,-1.5543,4.6734,0.3751,0.6702,0.8476,2,1,1,1,stock
263,657,sécurité,French,NOUN,393,yes,-6.7793,-0.2359,4.5443,0.1827,0.7075,0.8399,1,1,1,1,security
241,2629,social,French,ADJ,394,yes,10.1692,2.9164,3.9665,1.0,0.7967,0.8055,4,3,3,2,social
41,73,différent,French,ADJ,395,yes,6.8917,4.7469,-1.2961,0.842,0.8485,0.4917,4,3,3,2,different
463,3656,comté,French,NOUN,396,yes,-3.9895,-0.3642,1.2323,0.3172,0.7039,0.6425,1,1,1,1,county
380,1125,troupe,French,NOUN,397,yes,-1.0486,-0.9551,0.6625,0.4591,0.6871,0.6085,2,1,1,1,troop
126,266,indiquer,French,VERB,398,yes,0.5259,-0.3181,-0.8388,0.535,0.7052,0.519,5,4,3,2,indicate
335,2941,trop,French,ADV,399,yes,2.6061,2.4112,1.0208,0.6353,0.7824,0.6299,5,4,3,2,too
482,1803,province,French,NOUN,400,yes,-5.2043,1.0453,-0.0501,0.2587,0.7438,0.566,1,1,1,1,province
443,1482,construction,French,NOUN,401,yes,-6.1445,1.8183,-2.7881,0.2133,0.7656,0.4028,1,1,1,1,construction
318,848,cause,French,NOUN,402,yes,-7.0822,6.266,-8.0451,0.1681,0.8915,0.0894,1,1,1,1,cause
340,2953,chose,French,NOUN,403,yes,-3.9118,0.3314,1.1974,0.321,0.7236,0.6404,1,1,1,1,thing
320,2903,déclarer,French,VERB,404,yes,-1.1083,0.3495,-3.0218,0.4562,0.7241,0.3889,5,4,3,2,to declare
159,358,loi,French,NOUN,405,yes,-2.6304,-0.7523,-0.4257,0.3828,0.6929,0.5436,2,1,1,1,law
108,233,épreuve,French,NOUN,406,yes,-4.0722,-0.0053,-1.1367,0.3133,0.714,0.5012,1,1,1,1,test
322,869,auteur,French,NOUN,407,yes,-6.6314,1.639,-1.0916,0.1898,0.7606,0.5039,1,1,1,1,author
316,845,espagne,French,PROPN,409,yes,-7.9545,3.3188,-4.0536,0.126,0.8081,0.3273,1,1,1,1,Spain
315,2889,avant,French,ADP,410,yes,3.7348,1.6213,1.0458,0.6897,0.7601,0.6314,5,4,3,2,before
98,4301,idée,French,NOUN,411,yes,-7.876,2.2896,-2.86,0.1298,0.779,0.3985,1,1,1,1,idea
486,1821,km,French,NOUN,412,yes,-1.2685,-1.4192,4.2915,0.4485,0.674,0.8249,2,1,1,1,miles
370,1054,exemple,French,NOUN,413,yes,-5.685,2.4239,-0.5168,0.2355,0.7828,0.5382,1,1,1,1,example
379,1124,position,French,NOUN,414,yes,-3.408,0.8465,-3.1612,0.3453,0.7381,0.3805,1,1,1,1,position
392,1189,compétition,French,NOUN,415,yes,-1.4141,-1.9769,3.0888,0.4414,0.6582,0.7532,2,1,1,1,competition
169,387,situation,French,NOUN,416,yes,-5.6185,-0.1825,1.7318,0.2387,0.709,0.6723,1,1,1,1,situation
367,1051,retourner,French,VERB,417,yes,3.706,1.2624,-3.2709,0.6883,0.7499,0.374,5,4,3,2,flip
373,1098,2008,French,NUM,418,yes,-0.285,1.2156,3.1598,0.4959,0.7486,0.7574,2,1,1,1,2008
69,144,vieux,French,ADJ,419,yes,2.2327,0.9286,2.434,0.6173,0.7405,0.7141,5,4,3,2,old
464,1615,classer,French,VERB,420,yes,2.3413,2.0321,0.4559,0.6225,0.7717,0.5962,5,4,3,2,to classify
357,1001,25,French,NUM,421,yes,2.287,0.3815,5.1073,0.6199,0.725,0.8735,2,1,1,1,25
365,1047,reconnaître,French,VERB,422,yes,-1.8997,0.417,-3.0958,0.418,0.726,0.3844,2,1,1,1,recognize
260,2691,ouvrir,French,VERB,423,yes,2.765,0.7539,0.6127,0.643,0.7355,0.6055,5,4,3,2,open
453,1533,corps,French,NOUN,424,yes,-6.1453,1.4393,1.2436,0.2133,0.7549,0.6432,1,1,1,1,body
253,2674,forêt,French,NOUN,425,yes,-6.6575,1.1951,0.9057,0.1886,0.748,0.623,1,1,1,1,forest
64,132,ouest,French,NOUN,426,yes,-8.5163,2.4544,-2.0931,0.0989,0.7836,0.4442,1,1,1,1,west
207,2537,juillet,French,NOUN,427,yes,1.1423,0.4564,5.3058,0.5647,0.7271,0.8853,2,1,1,1,July
125,2313,événement,French,NOUN,428,yes,-3.9709,-0.8152,1.541,0.3181,0.6911,0.6609,2,1,1,1,event
210,2543,campagne,French,NOUN,429,yes,-4.7449,-0.0387,0.6989,0.2808,0.7131,0.6107,1,1,1,1,country
469,1654,besoin,French,NOUN,430,yes,-4.4923,-0.6268,-0.6333,0.293,0.6964,0.5313,2,1,1,1,need
259,642,nation,French,NOUN,431,yes,-4.5015,0.4724,0.3699,0.2925,0.7275,0.5911,1,1,1,1,nation
51,88,arrivée,French,NOUN,432,yes,-4.3703,0.35,-0.0049,0.2989,0.7241,0.5687,1,1,1,1,arrival
91,2239,2002,French,NUM,433,yes,3.1126,1.7169,1.7014,0.6597,0.7628,0.6704,2,1,1,1,2002
252,626,zone,French,NOUN,434,yes,-2.8672,-0.1986,-0.7164,0.3714,0.7085,0.5263,2,1,1,1,area
438,3480,15,French,NUM,435,yes,0.7588,1.3424,1.8538,0.5462,0.7522,0.6795,2,1,1,1,15
326,875,personnage,French,NOUN,436,yes,-3.0454,-0.6757,-0.0032,0.3628,0.695,0.5688,2,1,1,1,character
476,1774,surtout,French,ADV,437,yes,1.1713,5.3071,-1.8715,0.5661,0.8644,0.4574,5,4,3,2,above all
363,1035,qualité,French,NOUN,438,yes,-5.0019,1.3753,-2.1302,0.2684,0.7531,0.442,1,1,1,1,quality
329,880,mois,French,NOUN,439,yes,-3.2636,-0.7426,2.1686,0.3522,0.6931,0.6983,2,1,1,1,month
25,41,auprès,French,ADV,440,yes,2.5876,2.7623,0.1212,0.6344,0.7924,0.5762,5,4,3,2,with
331,882,début,French,NOUN,441,yes,-0.7061,-0.1017,-0.5173,0.4756,0.7113,0.5382,5,4,3,2,beginning
181,423,septembre,French,NOUN,442,yes,-1.9737,0.0742,2.6336,0.4144,0.7163,0.726,2,1,1,1,september
214,2557,moment,French,NOUN,443,yes,-4.3121,0.0113,-1.5471,0.3017,0.7145,0.4768,1,1,1,1,moment
182,427,atteindre,French,VERB,444,yes,-0.0039,-1.4027,-0.3479,0.5094,0.6745,0.5483,5,4,3,2,reach
319,2897,fonder,French,VERB,445,yes,-3.2442,1.0281,-1.4685,0.3532,0.7433,0.4815,2,1,1,1,found
186,432,falloir,French,VERB,446,yes,3.7353,0.8872,-0.2431,0.6897,0.7393,0.5545,5,4,3,2,to need
448,1508,30,French,NUM,447,yes,-1.1667,-0.4379,4.7043,0.4534,0.7018,0.8495,2,1,1,1,30
3,2056,accord,French,NOUN,448,yes,-6.9537,0.9462,-1.1701,0.1743,0.741,0.4993,1,1,1,1,OK
155,4440,novembre,French,NOUN,449,yes,-2.2033,-0.0297,5.6117,0.4034,0.7133,0.9036,2,1,1,1,november
145,2378,résultat,French,NOUN,450,yes,-4.9765,0.7998,-3.7596,0.2696,0.7368,0.3449,1,1,1,1,results
446,3551,vraiment,French,ADV,451,yes,-0.0943,3.5316,2.714,0.5051,0.8141,0.7308,5,4,3,2,really
374,1099,gagner,French,VERB,452,yes,-1.279,0.426,-2.1721,0.4479,0.7262,0.4395,2,1,1,1,to win
462,1607,original,French,ADJ,453,yes,-4.2127,6.7407,-5.3757,0.3065,0.905,0.2485,5,4,3,2,original
429,1361,mot,French,NOUN,454,yes,-10.5683,3.3451,-1.9293,0.0,0.8089,0.454,1,1,1,1,word
184,4524,subir,French,VERB,455,yes,0.333,1.6502,-3.0524,0.5257,0.7609,0.387,5,4,3,2,undergo
450,1519,produit,French,NOUN,456,yes,-6.3205,0.7155,2.0666,0.2048,0.7344,0.6922,1,1,1,1,product
345,942,regrouper,French,VERB,457,yes,3.037,0.9394,-1.2776,0.6561,0.7408,0.4928,5,4,3,2,gather
355,986,2006,French,NUM,458,yes,0.4481,0.6854,4.8118,0.5312,0.7336,0.8559,2,1,1,1,2006
209,2542,apparaître,French,VERB,459,yes,1.3261,0.3449,-0.712,0.5736,0.7239,0.5266,5,4,3,2,appear
44,77,autour,French,ADV,460,yes,9.1176,3.9118,1.4198,0.9493,0.8249,0.6537,4,3,3,2,around
226,538,camp,French,NOUN,461,yes,-5.006,2.1992,-4.0106,0.2682,0.7764,0.3299,1,1,1,1,camp
205,2524,devant,French,ADP,462,yes,7.203,2.3278,4.433,0.857,0.7801,0.8333,4,3,3,2,before
452,1532,naturel,French,ADJ,463,yes,7.3871,8.9208,-5.1252,0.8658,0.9667,0.2635,4,3,3,2,natural
249,617,complet,French,ADJ,464,yes,1.3841,2.0499,0.9101,0.5764,0.7722,0.6233,5,4,3,2,complete
356,995,période,French,NOUN,465,yes,-1.2554,-1.409,1.3561,0.4491,0.6743,0.6499,2,1,1,1,period
386,1156,expliquer,French,VERB,466,yes,0.2979,1.4742,-2.3447,0.524,0.7559,0.4292,5,4,3,2,explain
192,2499,choix,French,NOUN,467,yes,-4.351,0.6336,0.9595,0.2998,0.7321,0.6262,1,1,1,1,choice
224,2583,financier,French,ADJ,468,yes,8.0782,6.107,-2.8174,0.8992,0.887,0.401,4,3,3,2,financial
471,3755,voie,French,NOUN,469,yes,-4.4825,-0.1317,1.8339,0.2935,0.7104,0.6783,1,1,1,1,way
223,535,objet,French,NOUN,470,yes,-6.1236,2.3394,-2.4766,0.2143,0.7804,0.4214,1,1,1,1,object
456,1540,milliard,French,NOUN,471,yes,-0.2002,-1.7345,7.2292,0.5,0.6651,1.0,2,1,1,1,billion
423,1339,local,French,ADJ,472,yes,8.5446,3.8765,1.552,0.9217,0.8239,0.6615,4,3,3,2,local
235,2620,arriver,French,VERB,473,yes,-2.6581,-0.2585,0.4318,0.3814,0.7069,0.5948,2,1,1,1,to arrive
227,543,rue,French,NOUN,474,yes,-6.1901,0.4582,-0.693,0.2111,0.7271,0.5277,1,1,1,1,street
216,2559,mission,French,NOUN,475,yes,-6.0903,1.3534,-1.493,0.2159,0.7525,0.48,1,1,1,1,assignment
143,2375,octobre,French,NOUN,476,yes,-3.7899,0.5969,4.4375,0.3269,0.7311,0.8336,2,1,1,1,october
461,1605,développer,French,VERB,477,yes,-3.691,0.3484,-3.8995,0.3316,0.724,0.3365,2,1,1,1,develop
493,1961,ajouter,French,VERB,478,yes,3.2727,0.3932,1.7489,0.6674,0.7253,0.6733,5,4,3,2,to add
465,1618,rencontrer,French,VERB,479,yes,5.2404,1.6877,-0.44,0.7623,0.7619,0.5428,5,4,3,2,to encounter
474,1760,bâtiment,French,NOUN,480,yes,-2.5084,-1.4721,3.6442,0.3887,0.6725,0.7863,2,1,1,1,building
436,1418,fonction,French,NOUN,481,yes,-7.5297,1.9082,-3.9556,0.1465,0.7682,0.3332,1,1,1,1,function
74,2203,terme,French,NOUN,482,yes,-4.59,0.4871,-2.983,0.2883,0.728,0.3912,1,1,1,1,term
324,872,parfois,French,ADV,483,yes,7.6338,6.5515,-2.8528,0.8777,0.8996,0.3989,4,3,3,2,sometimes
439,3488,sud-est,French,NOUN,484,yes,-6.3946,2.2484,-2.3209,0.2013,0.7778,0.4306,1,1,1,1,South East
321,867,art,French,NOUN,485,yes,-6.8808,1.4465,0.9451,0.1778,0.7551,0.6254,1,1,1,1,art
332,2931,course,French,NOUN,486,yes,-3.2559,0.2483,-0.5873,0.3526,0.7212,0.534,1,1,1,1,race
105,228,cinq,French,NUM,487,yes,6.6282,3.4196,-0.5649,0.8292,0.811,0.5353,4,3,3,2,five
164,377,taux,French,NOUN,488,yes,-8.7485,0.7201,1.3012,0.0878,0.7346,0.6466,1,1,1,1,rate
344,2975,tête,French,NOUN,489,yes,-3.5231,2.5301,-2.7761,0.3397,0.7858,0.4035,1,1,1,1,head
110,239,malgré,French,ADP,490,yes,8.9391,5.8299,-0.2874,0.9407,0.8792,0.5519,4,3,3,2,despite
120,254,accès,French,NOUN,491,yes,-5.9075,0.5113,-1.9757,0.2248,0.7286,0.4512,1,1,1,1,access
122,257,afrique,French,PROPN,492,yes,-4.9566,-0.3527,-1.6571,0.2706,0.7042,0.4702,2,1,1,1,Africa
361,3065,16,French,NUM,493,yes,-0.5472,0.9987,2.5968,0.4832,0.7424,0.7238,2,1,1,1,16
360,1013,vrai,French,ADJ,494,yes,-1.313,3.7409,-0.1788,0.4463,0.8201,0.5584,5,4,3,2,true
311,814,abbé,French,NOUN,495,yes,-5.7995,0.0601,1.3338,0.23,0.7159,0.6485,1,1,1,1,abbe
410,1277,intérêt,French,NOUN,496,yes,-4.1092,-0.4385,3.8532,0.3115,0.7018,0.7987,2,1,1,1,interest
405,3312,apporter,French,VERB,497,yes,1.0903,0.9242,-2.8052,0.5622,0.7403,0.4018,5,4,3,2,to bring
404,3311,17,French,NUM,498,yes,0.4492,0.6686,3.6435,0.5313,0.7331,0.7862,2,1,1,1,17
409,1276,sens,French,NOUN,500,yes,-1.8046,-2.2929,4.3516,0.4226,0.6493,0.8284,2,1,1,1,meaning
