,id_palabra,palabra,language,POS,ranking,lemmatized,pc1,pc2,pc3,rgb1,rgb2,rgb3,pc1is,pc2is,pc3is,nc5,nc4,nc3,nc2,trans
5,11,biti,Serbian,AUX,1,yes,-1.7231,-19.4878,6.3633,0.5567,0.0794,0.8579,-0.6825,-17.7738,12.7949,3,2,2,2,to be
1,6,u,Serbian,ADP,2,yes,-4.0942,-14.7151,2.3631,0.4692,0.2305,0.6693,-2.9283,-14.1609,6.8496,3,2,2,2,in
17,37,i,Serbian,CCONJ,3,yes,-2.5081,-21.994,5.8927,0.5277,0.0,0.8357,-1.174,-20.3619,13.4245,3,2,2,2,and
4,10,da,Serbian,SCONJ,4,yes,-2.1446,-9.0268,3.0818,0.5411,0.4106,0.7032,-1.6118,-8.1127,4.8743,3,2,2,2,Yes
70,142,sebe,Serbian,PRON,5,yes,-2.6885,-2.3464,4.1687,0.521,0.6222,0.7544,-3.0072,-1.4432,3.8301,5,4,3,2,yourself
7,16,na,Serbian,ADP,6,yes,-2.9698,-7.4808,2.317,0.5107,0.4596,0.6671,-2.4409,-6.9767,4.0311,3,2,2,2,on the
42,93,za,Serbian,ADP,7,yes,-3.7062,-9.106,3.4393,0.4835,0.4081,0.7201,-3.193,-8.3697,5.6715,3,2,2,2,For
18,41,koji,Serbian,DET,8,yes,-0.1008,-6.5141,3.4311,0.6165,0.4902,0.7197,0.1361,-5.4724,4.9649,3,2,2,2,which one
96,209,sa,Serbian,ADP,9,yes,-1.7584,-7.8573,2.8749,0.5554,0.4476,0.6934,-1.3098,-7.0928,4.8505,3,2,2,2,with
25,50,taj,Serbian,DET,10,yes,-0.7483,-10.2217,3.4464,0.5926,0.3728,0.7204,-0.2072,-9.1801,6.3723,3,2,2,2,that
109,244,hteti,Serbian,AUX,11,yes,-0.7384,-2.7152,3.2462,0.593,0.6105,0.711,-0.9288,-1.8424,3.1953,5,4,3,2,want
88,180,od,Serbian,ADP,12,yes,-3.7677,-4.9673,1.0831,0.4812,0.5392,0.609,-3.3579,-4.9039,1.9724,2,1,1,1,from the
15,32,godina,Serbian,NOUN,13,yes,-2.1918,-9.6558,-0.3832,0.5394,0.3907,0.5399,-1.2006,-9.6382,2.2643,3,2,2,2,year
87,175,zemlja,Serbian,NOUN,14,yes,-0.6032,-12.2018,3.2895,0.598,0.3101,0.713,0.173,-11.1769,6.8316,3,2,2,2,country
49,105,reći,Serbian,VERB,15,yes,-0.8767,-9.4716,2.9372,0.5879,0.3965,0.6964,-0.4111,-8.4651,5.5756,3,2,2,2,to say
67,139,on,Serbian,PRON,16,yes,0.8431,-3.5037,2.7841,0.6514,0.5855,0.6892,0.8537,-2.5497,3.292,5,4,3,2,he
12,23,o,Serbian,ADP,17,yes,-4.341,-3.9981,2.0465,0.4601,0.5699,0.6544,-4.1085,-3.8021,2.3258,2,1,1,1,about
89,187,svoj,Serbian,DET,18,yes,-3.8865,-2.652,1.7755,0.4768,0.6125,0.6416,-3.6953,-2.6192,1.6849,2,1,1,1,own
244,569,eu,Serbian,PROPN,19,yes,1.5155,-3.9141,1.6493,0.6762,0.5725,0.6357,1.6862,-3.2064,2.599,5,4,3,2,e u
122,274,iz,Serbian,ADP,20,yes,-2.498,-3.1857,0.9693,0.5281,0.5956,0.6036,-2.3297,-3.0322,1.3329,2,1,1,1,from
288,689,srbija,Serbian,PROPN,21,yes,1.3402,-6.1944,3.4101,0.6697,0.5003,0.7187,1.5449,-5.0457,5.2614,3,2,2,2,Serbia
72,145,kao,Serbian,SCONJ,22,yes,1.3324,-3.7418,0.77,0.6694,0.578,0.5942,1.6525,-3.2517,1.5432,5,4,3,2,like
287,682,kosovo,Serbian,PROPN,23,yes,0.6373,-4.3646,1.6285,0.6438,0.5582,0.6347,0.9113,-3.7389,2.6205,5,4,3,2,Kosovo
44,98,ne,Serbian,PART,24,yes,0.8669,-0.4455,3.3774,0.6523,0.6823,0.7171,0.3356,0.5547,2.9321,5,4,3,2,not
205,472,nov,Serbian,ADJ,25,yes,-2.7957,-1.888,0.4571,0.5171,0.6367,0.5795,-2.6447,-2.0181,0.3164,2,1,1,1,Nov
11,21,drugi,Serbian,ADJ,26,yes,1.099,-2.6082,0.4519,0.6608,0.6139,0.5792,1.2962,-2.2772,1.0195,5,4,3,2,the second
82,169,ovaj,Serbian,DET,27,yes,-1.9268,-0.7906,1.4527,0.5492,0.6714,0.6264,-1.9002,-0.7076,1.0764,2,1,1,1,this one
21,45,vlada,Serbian,NOUN,28,yes,0.9206,-5.4081,0.75,0.6542,0.5252,0.5933,1.3211,-4.9005,2.1207,5,4,3,2,Government
267,634,velik,Serbian,ADJ,29,yes,-0.4661,-3.7501,-0.9409,0.6031,0.5777,0.5136,-0.1291,-3.8457,0.0412,5,4,3,2,big
37,76,do,Serbian,ADP,30,yes,-5.5109,-1.0244,-1.8126,0.4169,0.664,0.4725,-5.2002,-2.0445,-2.0109,2,1,1,1,to the
148,334,predsednik,Serbian,NOUN,31,yes,-0.329,-6.0504,0.3545,0.6081,0.5049,0.5746,0.1369,-5.7201,1.8855,5,4,3,2,President
141,313,jedan,Serbian,NUM,32,yes,-1.4098,-1.8458,1.8694,0.5682,0.638,0.646,-1.3674,-1.4773,1.75,5,4,3,2,one
51,111,a,Serbian,CCONJ,33,yes,-2.4541,-2.0364,1.8426,0.5297,0.632,0.6448,-2.3989,-1.6833,1.5701,2,1,1,1,a
110,245,imati,Serbian,VERB,34,yes,0.1025,-8.2653,3.4596,0.624,0.4347,0.721,0.4142,-7.1308,5.6482,3,2,2,2,have
2,7,makedonija,Serbian,PROPN,35,yes,0.6641,-3.5848,1.1536,0.6448,0.5829,0.6123,0.8355,-3.0399,2.1417,5,4,3,2,Macedonia
23,48,kazati,Serbian,VERB,36,yes,0.4502,-3.7298,3.5185,0.6369,0.5783,0.7238,0.3842,-2.6314,4.0989,5,4,3,2,say
22,46,moći,Serbian,VERB,37,yes,-0.0312,-8.8926,2.9238,0.6191,0.4149,0.6958,0.3849,-7.8374,5.3521,3,2,2,2,be able to
150,339,srpski,Serbian,ADJ,38,yes,0.2499,0.0146,1.4593,0.6295,0.6969,0.6267,0.0291,0.3994,1.0622,5,4,3,2,Serbian
151,340,ministar,Serbian,NOUN,39,yes,-0.6855,-4.7055,0.3613,0.595,0.5475,0.575,-0.3384,-4.4366,1.3098,5,4,3,2,the minister
99,216,takođe,Serbian,ADV,40,yes,0.6484,0.0811,1.8201,0.6442,0.699,0.6437,0.354,0.5829,1.3059,5,4,3,2,Too
216,490,morati,Serbian,VERB,41,yes,0.8183,-6.0229,3.7632,0.6505,0.5057,0.7353,0.8827,-4.7905,5.1406,3,2,2,2,have to
10,20,ali,Serbian,CCONJ,42,yes,3.2871,0.1146,1.5148,0.7416,0.7001,0.6293,2.8937,0.8329,1.4007,4,3,3,2,but
165,362,trebati,Serbian,VERB,43,yes,0.2157,-7.7263,2.6317,0.6282,0.4518,0.682,0.5602,-6.7453,4.6593,3,2,2,2,to need
238,555,evropski,Serbian,ADJ,44,yes,-4.1972,-2.2279,-0.7449,0.4654,0.6259,0.5228,-3.9289,-2.6711,-0.7584,2,1,1,1,European
66,138,protiv,Serbian,ADP,45,yes,-4.2472,-0.6501,-1.6377,0.4635,0.6759,0.4807,-3.9803,-1.3271,-1.841,2,1,1,1,against
86,174,sav,Serbian,DET,46,yes,0.8919,-0.9387,2.1755,0.6532,0.6667,0.6605,0.726,-0.3167,2.0429,5,4,3,2,all
280,664,albanija,Serbian,PROPN,47,yes,0.7957,-4.2022,0.6937,0.6496,0.5634,0.5906,1.0557,-3.7012,1.9311,5,4,3,2,Albania
129,289,stranka,Serbian,NOUN,48,yes,0.0062,-5.0971,-1.2993,0.6205,0.5351,0.4967,0.6366,-5.137,0.1099,5,4,3,2,party
295,697,pitanje,Serbian,NOUN,49,yes,0.9081,-5.4928,-0.6245,0.6538,0.5225,0.5285,1.5049,-5.3143,0.8609,5,4,3,2,the question
457,1629,bugarska,Serbian,PROPN,51,yes,-1.0268,-1.8966,2.2138,0.5824,0.6364,0.6623,-1.0857,-1.362,2.0341,5,4,3,2,Bulgarian
115,259,ili,Serbian,CCONJ,52,yes,-4.42,-1.2018,-0.6553,0.4571,0.6584,0.527,-4.264,-1.568,-0.9754,2,1,1,1,or
118,266,posao,Serbian,NOUN,53,yes,1.7708,-2.6293,-5.6781,0.6856,0.6132,0.2902,2.7966,-3.5843,-4.8628,2,1,1,1,business
111,247,međunarodni,Serbian,ADJ,54,yes,-1.9262,-0.3227,-1.2271,0.5492,0.6862,0.5001,-1.6461,-0.9881,-1.4166,5,4,3,2,international
459,1631,gora,Serbian,NOUN,55,yes,5.0268,0.6678,-0.7992,0.8058,0.7176,0.5202,4.9346,1.1376,0.3836,4,3,3,2,mountain
243,566,oni,Serbian,PRON,56,yes,0.1615,-2.6449,-1.4539,0.6262,0.6127,0.4894,0.5218,-2.7727,-0.9012,5,4,3,2,they
458,1630,crn,Serbian,ADJ,57,yes,10.2894,4.7183,0.8161,1.0,0.8459,0.5964,9.6676,5.9717,1.9617,4,3,3,2,black
344,887,sporazum,Serbian,NOUN,58,yes,1.6653,-3.2871,0.5309,0.6817,0.5924,0.5829,1.8588,-2.7963,1.312,5,4,3,2,agreement
13,24,njegov,Serbian,DET,59,yes,-2.7162,0.6347,1.9629,0.52,0.7166,0.6505,-2.9868,0.7813,1.1714,2,1,1,1,his
143,321,izjaviti,Serbian,VERB,60,yes,-1.4378,-4.3657,1.2707,0.5672,0.5582,0.6178,-1.2229,-3.9398,1.8838,5,4,3,2,declare
281,665,hrvatska,Serbian,PROPN,61,yes,4.2708,-1.0677,1.9635,0.7779,0.6626,0.6505,4.0886,-0.0794,2.3161,4,3,3,2,Croatia
100,218,turska,Serbian,PROPN,62,yes,2.1632,-1.8935,2.7099,0.7001,0.6365,0.6857,2.0404,-0.9712,2.999,5,4,3,2,Turkish
271,649,kada,Serbian,ADV,63,yes,-3.16,-0.082,3.6577,0.5036,0.6939,0.7304,-3.5397,0.5737,2.711,5,4,3,2,when
73,149,premijer,Serbian,NOUN,64,yes,1.5378,-2.7453,0.2307,0.677,0.6095,0.5688,1.7111,-2.3121,0.858,5,4,3,2,Prime Minister
278,662,nato,Serbian,PROPN,65,yes,3.1234,-0.9398,-1.1043,0.7355,0.6667,0.5059,3.2108,-0.8434,-0.4462,4,3,3,2,nato
204,466,još,Serbian,ADV,66,yes,-7.942,-1.042,-4.9116,0.3272,0.6635,0.3264,-7.2117,-2.8465,-4.8174,2,1,1,1,more
40,87,prema,Serbian,ADP,67,yes,-6.5709,-0.6174,-0.4789,0.3778,0.6769,0.5353,-6.2922,-1.4389,-1.0839,2,1,1,1,according to
209,481,prvi,Serbian,ADJ,68,yes,-0.7561,-1.0477,-0.8054,0.5924,0.6633,0.52,-0.527,-1.3326,-0.729,5,4,3,2,First
95,201,evro,Serbian,NOUN,69,yes,1.3088,-2.4247,-5.0386,0.6686,0.6197,0.3204,1.9851,-3.2572,-3.9204,5,4,3,2,Euro
161,351,nedelja,Serbian,NOUN,70,yes,-2.7939,-2.9566,-0.9341,0.5171,0.6028,0.5139,-2.3488,-3.3489,-0.6197,2,1,1,1,Sunday
103,232,što,Serbian,SCONJ,71,yes,-2.4748,-1.6868,1.9089,0.5289,0.643,0.6479,-2.5503,-1.2138,1.5424,2,1,1,1,the table
38,82,što,Serbian,SCONJ,71,yes,-7.0959,1.3451,-8.819,0.3584,0.739,0.1422,-6.1186,-1.3344,-9.0477,2,1,1,1,the table
16,34,zbog,Serbian,ADP,72,yes,-3.1813,0.4727,1.4327,0.5029,0.7114,0.6255,-3.1978,0.3802,0.6044,2,1,1,1,because
156,347,un,Serbian,PROPN,73,yes,-1.472,-0.2352,-1.5512,0.5659,0.689,0.4848,-1.2881,-0.8501,-1.5822,5,4,3,2,university
60,129,politički,Serbian,ADJ,74,yes,-0.4141,-0.0452,0.5514,0.605,0.695,0.5839,-0.5681,0.0399,0.3266,5,4,3,2,political
215,489,međutim,Serbian,ADV,75,yes,-2.4756,0.382,3.4974,0.5289,0.7086,0.7228,-2.98,1.0962,2.5288,5,4,3,2,however
294,696,po,Serbian,ADP,76,yes,-2.6766,-0.7126,0.03,0.5215,0.6739,0.5593,-2.6209,-1.0103,-0.2168,2,1,1,1,by
335,852,saradnja,Serbian,NOUN,77,yes,-0.2286,-4.9317,-0.0921,0.6118,0.5403,0.5536,0.2663,-4.7749,1.141,5,4,3,2,cooperation
169,368,posle,Serbian,ADP,78,yes,-1.8664,2.1869,1.1435,0.5514,0.7657,0.6118,-2.1003,2.0974,0.2683,2,1,1,1,after
206,475,reforma,Serbian,NOUN,79,yes,-0.4576,-3.5586,-0.6959,0.6034,0.5838,0.5251,-0.0321,-3.5877,0.0321,5,4,3,2,reform
300,712,vlast,Serbian,NOUN,80,yes,2.644,-2.8511,0.1897,0.7178,0.6062,0.5669,2.8141,-2.3219,0.9625,5,4,3,2,power
428,1369,kompanija,Serbian,NOUN,81,yes,1.8914,-3.0076,-0.3494,0.6901,0.6012,0.5414,2.1692,-2.7504,0.2961,5,4,3,2,Company
127,286,bih,Serbian,PROPN,82,yes,1.68,-1.0217,-0.0464,0.6823,0.6641,0.5557,1.6979,-0.8016,0.3798,5,4,3,2,should
30,54,bivši,Serbian,ADJ,83,yes,-4.7016,1.484,1.5261,0.4467,0.7434,0.6299,-4.8376,1.4124,0.5862,2,1,1,1,Former
48,103,zakon,Serbian,NOUN,84,yes,-2.39,-2.0076,-0.7219,0.5321,0.6329,0.5239,-2.0737,-2.3374,-0.5464,2,1,1,1,the law
36,75,dva,Serbian,NUM,85,yes,-3.6239,-0.4009,-3.0206,0.4865,0.6838,0.4155,-3.0776,-1.5682,-3.0729,5,4,3,2,two
230,534,pravo,Serbian,NOUN,86,yes,-1.3014,-3.357,-5.582,0.5722,0.5902,0.2948,-0.152,-4.692,-4.7838,2,1,1,1,right
125,284,član,Serbian,NOUN,88,yes,1.7181,-3.2048,-1.6122,0.6837,0.595,0.4819,2.1673,-3.2101,-0.7752,5,4,3,2,member
491,1883,izveštaj,Serbian,NOUN,89,yes,-2.4043,-1.7297,-0.7224,0.5315,0.6417,0.5239,-2.0127,-2.1172,-0.7698,2,1,1,1,the report
158,349,beograd,Serbian,PROPN,90,yes,2.6846,0.0989,1.9634,0.7193,0.6996,0.6505,2.3688,0.7941,1.8401,5,4,3,2,White City
306,731,članstvo,Serbian,NOUN,91,yes,1.1799,-1.3505,0.4507,0.6638,0.6537,0.5792,1.241,-1.0535,0.7264,5,4,3,2,membership
183,392,strana,Serbian,NOUN,92,yes,-1.7388,-3.6972,-0.5326,0.5561,0.5794,0.5328,-1.1967,-3.6684,-0.0778,2,1,1,1,side
430,1399,odsto,Serbian,ADV,93,yes,-7.1074,1.2728,-3.5953,0.358,0.7368,0.3884,-6.6119,-0.2895,-3.9136,2,1,1,1,percent
94,200,milion,Serbian,NOUN,94,yes,0.4455,-1.067,-11.8349,0.6367,0.6627,0.0,1.4606,-3.6586,-9.7259,2,1,1,1,million
188,404,samo,Serbian,ADV,95,yes,-4.3552,-0.4645,0.2193,0.4595,0.6817,0.5683,-4.2995,-0.8998,-0.3586,2,1,1,1,only
28,53,država,Serbian,NOUN,96,yes,0.0346,-2.97,0.2249,0.6215,0.6024,0.5685,0.3039,-2.7796,0.7706,5,4,3,2,country
57,121,između,Serbian,ADP,97,yes,-0.8948,-0.0472,2.45,0.5872,0.695,0.6734,-1.1369,0.5022,2.0156,5,4,3,2,between
223,508,parlament,Serbian,NOUN,98,yes,0.0557,-1.1808,1.4957,0.6223,0.6591,0.6284,0.0056,-0.7538,1.4385,5,4,3,2,parliament
220,500,državni,Serbian,ADJ,99,yes,-0.2279,0.8472,-1.9704,0.6118,0.7233,0.465,-0.167,0.2851,-2.1492,5,4,3,2,state
137,306,mesto,Serbian,NOUN,100,yes,1.8708,-2.1652,0.3474,0.6893,0.6279,0.5743,2.0239,-1.7473,0.7288,5,4,3,2,place
310,745,dobar,Serbian,ADJ,101,yes,1.7801,-1.1419,-0.2426,0.686,0.6603,0.5465,1.7822,-0.9901,0.0659,5,4,3,2,Good
202,462,ako,Serbian,SCONJ,102,yes,1.281,0.036,1.5217,0.6675,0.6976,0.6297,0.8473,0.6567,1.2146,5,4,3,2,if
221,503,proces,Serbian,NOUN,103,yes,3.9334,-1.1858,1.0,0.7654,0.6589,0.6051,3.9277,-0.5351,1.344,4,3,3,2,process
112,256,li,Serbian,PART,104,yes,-1.376,9.586,9.3776,0.5695,1.0,1.0,-2.9653,11.4694,7.3608,1,1,1,1,li
33,62,sud,Serbian,NOUN,106,yes,-0.3801,-2.3382,-1.9411,0.6062,0.6224,0.4664,0.1304,-2.6202,-1.466,5,4,3,2,the court
20,44,makedonski,Serbian,ADJ,107,yes,-3.866,0.6946,-0.4704,0.4776,0.7184,0.5357,-3.748,0.2794,-1.1661,2,1,1,1,Macedonian
35,73,dobiti,Serbian,VERB,108,yes,0.9349,-5.1668,0.5813,0.6548,0.5328,0.5853,1.2719,-4.6753,1.8983,5,4,3,2,get
79,165,organizacija,Serbian,NOUN,109,yes,-0.8924,-4.3686,-2.9996,0.5873,0.5581,0.4165,0.0112,-4.9785,-2.2163,2,1,1,1,organization
14,26,deo,Serbian,NOUN,110,yes,2.1123,-2.6989,1.7819,0.6982,0.611,0.6419,2.1623,-1.9885,2.3327,5,4,3,2,a part of
249,587,tokom,Serbian,ADP,111,yes,-4.3527,1.1881,0.3927,0.4596,0.7341,0.5764,-4.4229,0.732,-0.357,2,1,1,1,during
362,975,žena,Serbian,NOUN,112,yes,3.4769,-0.6325,-0.0352,0.7486,0.6764,0.5563,3.4462,-0.2049,0.192,4,3,3,2,woman
224,509,ponedeljak,Serbian,NOUN,113,yes,-2.9792,-0.4499,-1.2782,0.5103,0.6822,0.4977,-2.8733,-1.0096,-1.4495,2,1,1,1,Monday
214,488,evropa,Serbian,PROPN,114,yes,2.5009,-2.4655,-3.3534,0.7126,0.6184,0.3998,3.2514,-2.9354,-2.6703,2,1,1,1,Europe
3,8,neki,Serbian,DET,115,yes,0.6954,0.3608,1.0664,0.6459,0.7079,0.6082,0.5403,0.5824,0.683,5,4,3,2,some
170,369,sastanak,Serbian,NOUN,116,yes,0.1262,-3.0104,-0.6162,0.6249,0.6011,0.5289,0.4194,-2.9764,-0.03,5,4,3,2,a meeting
160,350,prošli,Serbian,ADJ,117,yes,-1.2636,6.2474,2.9325,0.5736,0.8943,0.6962,-1.8339,6.1913,1.5615,2,1,1,1,went through
208,478,tri,Serbian,NUM,118,yes,1.2794,0.6908,-1.4909,0.6675,0.7183,0.4876,1.4336,0.3319,-1.4955,5,4,3,2,three
444,1518,rusija,Serbian,PROPN,119,yes,2.2703,0.2659,1.9256,0.704,0.7049,0.6487,1.9923,0.8553,1.7188,5,4,3,2,Russia
412,1225,policija,Serbian,NOUN,120,yes,-3.4007,-0.2161,-0.6316,0.4948,0.6896,0.5281,-3.1909,-0.7751,-1.0104,2,1,1,1,Police
438,1489,film,Serbian,NOUN,121,yes,3.8678,-1.1848,-2.0035,0.763,0.6589,0.4635,4.1743,-1.2059,-1.2381,4,3,3,2,Movie
239,557,dok,Serbian,SCONJ,122,yes,-6.706,2.2158,3.6557,0.3728,0.7666,0.7303,-7.2623,2.2957,2.0316,2,1,1,1,while
139,310,visok,Serbian,ADJ,123,yes,-8.7133,1.6357,0.1797,0.2987,0.7483,0.5664,-8.8187,0.7095,-0.9784,2,1,1,1,tall
173,374,izbor,Serbian,NOUN,124,yes,1.154,-1.9044,-0.6407,0.6628,0.6362,0.5277,1.3294,-1.81,-0.1271,5,4,3,2,the choice
171,370,postati,Serbian,VERB,125,yes,1.4261,-3.1512,1.3392,0.6729,0.5967,0.6211,1.429,-2.503,1.9634,5,4,3,2,to become
68,140,cilj,Serbian,NOUN,126,yes,2.4891,-3.2447,1.2219,0.7121,0.5937,0.6155,2.5883,-2.5309,1.9826,5,4,3,2,the goal
413,1226,grupa,Serbian,NOUN,127,yes,1.8686,-2.8774,-1.0997,0.6892,0.6053,0.5061,2.2695,-2.7881,-0.3559,5,4,3,2,group
246,578,čovek,Serbian,NOUN,128,yes,0.1764,-1.7632,-0.2241,0.6268,0.6406,0.5474,0.2974,-1.6599,-0.0617,5,4,3,2,man
303,723,ekonomski,Serbian,ADJ,129,yes,0.4418,0.7722,0.1538,0.6366,0.7209,0.5652,0.3141,0.733,-0.1822,5,4,3,2,economic
24,49,novinar,Serbian,NOUN,130,yes,3.994,0.0815,-0.9372,0.7677,0.699,0.5137,3.9645,0.3554,-0.654,4,3,3,2,a journalist
54,115,pod,Serbian,ADP,131,yes,-9.2131,1.9287,-1.4895,0.2802,0.7575,0.4877,-8.9932,0.2702,-2.455,2,1,1,1,floor
371,1037,napredak,Serbian,NOUN,132,yes,-2.1265,-1.7753,0.2272,0.5418,0.6402,0.5686,-1.9049,-1.7821,0.0636,2,1,1,1,progress
58,124,njen,Serbian,DET,133,yes,-7.2657,0.1121,0.3925,0.3521,0.7,0.5764,-7.2684,-0.5458,-0.4334,2,1,1,1,hers
347,908,pre,Serbian,ADP,134,yes,-2.1121,0.2875,-1.8121,0.5423,0.7056,0.4725,-1.9748,-0.3726,-1.9135,5,4,3,2,before
284,677,očekivati,Serbian,VERB,135,yes,-0.5746,-3.1314,1.1923,0.5991,0.5973,0.6141,-0.384,-2.6458,1.7834,5,4,3,2,expect
285,680,region,Serbian,NOUN,136,yes,6.0983,0.7074,-1.943,0.8453,0.7189,0.4663,6.1862,0.9054,-1.2797,4,3,3,2,region
406,1192,grčki,Serbian,ADJ,137,yes,1.4201,0.3698,-3.4433,0.6727,0.7082,0.3956,1.5852,-0.1176,-2.9136,5,4,3,2,Greek
434,1448,četvrtak,Serbian,NOUN,138,yes,-2.9549,-0.9449,0.1556,0.5112,0.6665,0.5653,-2.854,-1.1987,-0.1125,2,1,1,1,Thursday
334,847,glavni,Serbian,ADJ,139,yes,-5.6918,2.6127,1.9933,0.4102,0.7792,0.6519,-5.9921,2.3572,0.5693,2,1,1,1,the main one
190,429,lider,Serbian,NOUN,140,yes,1.0773,-3.8039,-2.0765,0.66,0.576,0.46,1.6174,-3.9643,-1.0398,5,4,3,2,the leader
383,1077,šef,Serbian,NOUN,141,yes,1.9702,-0.5412,-0.0451,0.693,0.6793,0.5558,2.0407,-0.2891,0.1246,5,4,3,2,boss
322,787,članica,Serbian,NOUN,142,yes,3.4612,-1.0313,-0.3991,0.748,0.6638,0.5391,3.5106,-0.6839,-0.067,4,3,3,2,member
318,778,grčka,Serbian,PROPN,143,yes,3.2489,0.825,2.7257,0.7402,0.7226,0.6864,2.771,1.7243,2.5779,5,4,3,2,Greece
9,18,medij,Serbian,NOUN,144,yes,-1.8752,0.598,-0.5776,0.5511,0.7154,0.5307,-1.7901,0.1583,-0.9965,5,4,3,2,medium
77,160,zvaničnik,Serbian,NOUN,145,yes,-3.272,-2.4737,-0.0366,0.4995,0.6181,0.5562,-2.9217,-2.5901,-0.1557,2,1,1,1,official
178,383,odluka,Serbian,NOUN,146,yes,-2.0059,-1.102,1.5887,0.5462,0.6616,0.6328,-2.0016,-0.8359,1.1855,2,1,1,1,decision
186,402,njihov,Serbian,DET,147,yes,-3.2524,1.2288,-0.0633,0.5002,0.7354,0.5549,-3.3036,0.717,-0.8011,2,1,1,1,their own
439,1497,dodati,Serbian,VERB,148,yes,4.5314,2.0117,1.7787,0.7875,0.7602,0.6418,4.0413,2.9321,1.5039,4,3,3,2,add
185,396,građanin,Serbian,NOUN,149,yes,1.142,-1.3136,-0.3524,0.6624,0.6549,0.5413,1.2103,-1.1735,-0.0951,5,4,3,2,citizen
41,91,korak,Serbian,NOUN,150,yes,1.2797,-3.0413,0.7891,0.6675,0.6001,0.5951,1.5156,-2.5966,1.3818,5,4,3,2,step
286,681,nezavisnost,Serbian,NOUN,152,yes,1.9498,-0.0616,-0.7924,0.6922,0.6945,0.5206,1.968,-0.0299,-0.6499,5,4,3,2,independence
410,1210,albanski,Serbian,ADJ,153,yes,-3.9427,1.6512,3.8096,0.4748,0.7487,0.7375,-4.354,2.193,2.5843,2,1,1,1,Albanian
119,267,sada,Serbian,ADV,154,yes,4.1318,3.0095,0.664,0.7727,0.7918,0.5892,3.6561,3.5066,0.2663,4,3,3,2,now
483,3803,festival,Serbian,NOUN,155,yes,-0.8288,-1.7685,-2.2541,0.5897,0.6405,0.4517,-0.3846,-2.2642,-1.98,5,4,3,2,festival
309,738,naš,Serbian,DET,156,yes,-2.8779,0.752,0.5821,0.514,0.7203,0.5854,-3.0463,0.5481,-0.0378,2,1,1,1,our
213,487,pridruživanje,Serbian,NOUN,157,yes,1.256,-0.5974,2.2223,0.6666,0.6775,0.6627,1.0632,0.0127,2.1869,5,4,3,2,joining
113,257,želeti,Serbian,VERB,158,yes,2.5109,-2.6988,2.457,0.7129,0.611,0.6737,2.3258,-1.6684,2.9739,5,4,3,2,to want
56,120,borba,Serbian,NOUN,159,yes,3.7816,-0.6523,-0.0308,0.7598,0.6758,0.5565,3.8308,-0.2354,0.2974,4,3,3,2,fight
228,531,problem,Serbian,NOUN,160,yes,2.2621,-2.1288,-1.3589,0.7037,0.629,0.4939,2.7827,-2.1331,-0.8413,5,4,3,2,issue
227,526,početi,Serbian,VERB,161,yes,-0.3316,-2.6428,2.1823,0.608,0.6128,0.6608,-0.2726,-2.0659,2.2638,5,4,3,2,begin
197,441,mesec,Serbian,NOUN,162,yes,-2.9588,-1.9835,-1.8385,0.5111,0.6336,0.4713,-2.443,-2.6934,-1.6421,2,1,1,1,month
307,733,vreme,Serbian,NOUN,163,yes,3.5649,-0.6348,0.2402,0.7518,0.6764,0.5692,3.5281,-0.2463,0.5876,4,3,3,2,time
366,996,bezbednost,Serbian,NOUN,164,yes,-0.746,-0.6681,-1.9351,0.5927,0.6753,0.4667,-0.4557,-1.2124,-1.7131,5,4,3,2,security
299,711,kosovski,Serbian,ADJ,165,yes,-5.4342,0.981,1.6134,0.4197,0.7275,0.634,-5.6606,0.8453,0.5688,2,1,1,1,Kosovar
145,323,saopštiti,Serbian,VERB,166,yes,0.0668,-3.3773,-0.0702,0.6227,0.5895,0.5546,0.4139,-3.2439,0.4911,5,4,3,2,to announce
432,1403,zajednica,Serbian,NOUN,167,yes,1.3631,-2.6138,-0.101,0.6706,0.6137,0.5532,1.6078,-2.342,0.4837,5,4,3,2,community
424,1344,izgradnja,Serbian,NOUN,168,yes,3.9596,-0.5225,0.8224,0.7664,0.6799,0.5967,3.8812,0.0789,1.0204,4,3,3,2,construction
337,864,pregovor,Serbian,NOUN,170,yes,0.6045,-0.7326,1.9817,0.6426,0.6733,0.6513,0.388,-0.2167,1.8947,5,4,3,2,negotiation
352,920,turski,Serbian,ADJ,171,yes,2.4057,1.8265,0.785,0.709,0.7543,0.5949,2.0678,2.1716,0.4566,4,3,3,2,Turkish
454,1622,grad,Serbian,NOUN,172,yes,1.4898,-0.5974,-0.5764,0.6752,0.6775,0.5308,1.546,-0.583,-0.4319,5,4,3,2,city
120,269,raditi,Serbian,VERB,173,yes,1.8393,-3.1443,1.6083,0.6881,0.5969,0.6337,1.8693,-2.3859,2.2558,5,4,3,2,to do
152,341,inostran,Serbian,ADJ,174,yes,-10.6487,6.3521,4.4475,0.2273,0.8976,0.7676,-11.5571,6.1245,2.8892,1,1,1,1,foreign
350,915,onaj,Serbian,DET,175,yes,3.1343,-1.2789,2.3531,0.7359,0.656,0.6689,2.8681,-0.3418,2.4895,4,3,3,2,that one
269,640,dan,Serbian,NOUN,176,yes,1.9626,-1.2707,-2.0944,0.6927,0.6562,0.4592,2.2587,-1.5076,-1.6108,5,4,3,2,day
219,499,važan,Serbian,ADJ,177,yes,4.7013,-0.0942,-0.4433,0.7938,0.6935,0.537,4.6923,0.3512,-0.1141,4,3,3,2,important
121,273,podrška,Serbian,NOUN,178,yes,2.0398,-1.219,0.3252,0.6955,0.6579,0.5733,2.1219,-0.915,0.4969,5,4,3,2,support
147,327,mnogi,Serbian,ADJ,179,yes,-2.7195,0.6898,1.2933,0.5199,0.7183,0.6189,-2.7889,0.7232,0.5743,2,1,1,1,many
308,737,zaštita,Serbian,NOUN,181,yes,1.9306,0.7189,0.5898,0.6915,0.7192,0.5857,1.8064,0.969,0.4697,5,4,3,2,protection
196,440,nekoliko,Serbian,DET,182,yes,-3.2689,1.6877,2.9067,0.4996,0.7499,0.695,-3.5401,1.8086,1.704,2,1,1,1,a few
90,188,rad,Serbian,NOUN,183,yes,2.0183,0.1578,-1.4931,0.6947,0.7015,0.4875,2.2086,-0.099,-1.1981,5,4,3,2,Work
302,722,odnos,Serbian,NOUN,184,yes,1.1651,-0.8564,1.9949,0.6633,0.6693,0.652,1.0519,-0.3153,1.9111,5,4,3,2,relationship
34,65,mart,Serbian,NOUN,185,yes,-0.1132,0.0936,-2.9263,0.6161,0.6994,0.42,0.4295,-0.8197,-2.6314,2,1,1,1,March
192,435,ministarstvo,Serbian,NOUN,186,yes,2.1245,-0.9583,-0.3097,0.6987,0.6661,0.5433,2.2571,-0.7914,-0.0167,5,4,3,2,ministry
240,558,predstavnik,Serbian,NOUN,187,yes,1.1644,-2.7003,-0.9784,0.6632,0.6109,0.5118,1.4478,-2.6437,-0.3688,5,4,3,2,representative
445,1542,jugoslavija,Serbian,PROPN,188,yes,3.6516,2.5578,1.4366,0.755,0.7775,0.6256,3.3625,3.1867,1.0989,4,3,3,2,Yugoslavia
476,1710,septembar,Serbian,NOUN,189,yes,-1.8226,-0.5528,-3.7923,0.553,0.679,0.3791,-1.1414,-1.8067,-3.5674,2,1,1,1,September
64,2184,sreda,Serbian,NOUN,190,yes,0.6296,-0.061,-2.9973,0.6435,0.6945,0.4166,0.7533,-0.6983,-2.7516,5,4,3,2,Wednesday
282,670,balkan,Serbian,PROPN,191,yes,0.1397,1.5385,2.8516,0.6254,0.7452,0.6924,-0.2201,2.1166,2.0831,5,4,3,2,balkan
305,729,uvek,Serbian,ADV,192,yes,-4.74,1.162,0.006,0.4453,0.7333,0.5582,-4.6594,0.7217,-0.9369,2,1,1,1,Always
164,361,mi,Serbian,PRON,193,yes,5.7355,0.7959,2.528,0.8319,0.7217,0.6771,5.2594,1.969,2.5265,4,3,3,2,we
134,300,bosna,Serbian,PROPN,195,yes,1.1306,-1.8617,-4.8627,0.662,0.6375,0.3287,1.6373,-2.6699,-3.451,5,4,3,2,Bosnia
135,301,hercegovina,Serbian,PROPN,196,yes,6.1336,7.2317,-1.0887,0.8466,0.9255,0.5066,5.667,7.2806,-0.2388,4,3,3,2,Herzegovina
315,760,misija,Serbian,NOUN,197,yes,-1.5845,-1.8241,-1.7824,0.5618,0.6387,0.4739,-1.1613,-2.2987,-1.5972,2,1,1,1,mission
484,1779,unija,Serbian,NOUN,198,yes,-1.6646,-1.7811,-0.8083,0.5588,0.6401,0.5198,-1.3584,-1.9794,-0.5768,5,4,3,2,union
180,386,demokratski,Serbian,ADJ,199,yes,0.4712,1.6564,-0.0988,0.6377,0.7489,0.5533,0.2655,1.4631,-0.5225,5,4,3,2,democratic
469,1665,među,Serbian,ADP,200,yes,-1.8048,1.1983,-1.6432,0.5537,0.7344,0.4805,-1.7228,0.6301,-1.9314,5,4,3,2,among
341,877,kraj,Serbian,NOUN,201,yes,-1.5614,-0.7499,0.7658,0.5626,0.6727,0.594,-1.5844,-0.6121,0.5904,5,4,3,2,the end
140,312,hrvatski,Serbian,ADJ,202,yes,-3.5613,1.4596,5.1476,0.4888,0.7427,0.8006,-4.0798,2.3074,3.8477,2,1,1,1,Croatian
62,134,svaki,Serbian,DET,203,yes,-2.5259,1.7955,0.8994,0.527,0.7533,0.6003,-2.7142,1.6181,0.0607,2,1,1,1,every
431,1402,poslovan,Serbian,ADJ,204,yes,-8.707,1.7356,-0.456,0.2989,0.7514,0.5364,-8.6931,0.6541,-1.5646,2,1,1,1,business
291,693,takav,Serbian,DET,205,yes,-5.3647,0.5783,2.2961,0.4223,0.7148,0.6662,-5.544,0.3499,1.2014,2,1,1,1,such a
133,2346,projekt,Serbian,NOUN,206,yes,1.8724,0.834,1.6874,0.6894,0.7229,0.6375,1.6369,1.277,1.3037,5,4,3,2,project
289,691,broj,Serbian,NOUN,207,yes,3.3213,-1.3767,-0.4266,0.7428,0.6529,0.5378,3.4047,-1.0497,0.0318,4,3,3,2,Number
53,114,slučaj,Serbian,NOUN,208,yes,1.8764,-0.2888,-0.2021,0.6895,0.6873,0.5484,1.8959,-0.1356,-0.1649,5,4,3,2,the case
39,86,obaveza,Serbian,NOUN,209,yes,0.4941,-1.5138,0.2519,0.6385,0.6485,0.5698,0.5748,-1.3461,0.2939,5,4,3,2,obligation
490,1864,ruski,Serbian,ADJ,210,yes,-5.7234,1.0013,0.1933,0.409,0.7282,0.567,-5.73,0.4615,-0.7521,2,1,1,1,Russian
304,726,republika,Serbian,NOUN,211,yes,-0.0375,0.7814,0.4743,0.6189,0.7212,0.5803,-0.0742,0.8784,0.2329,5,4,3,2,republic
85,173,postojati,Serbian,VERB,212,yes,2.2641,-2.5507,-1.1826,0.7038,0.6157,0.5022,2.5661,-2.4626,-0.4365,5,4,3,2,to exist
345,888,potpisati,Serbian,VERB,213,yes,1.9356,-1.609,2.3042,0.6917,0.6455,0.6665,1.831,-0.7,2.4048,5,4,3,2,to sign
207,476,integracija,Serbian,NOUN,214,yes,4.205,-0.8802,-0.0543,0.7754,0.6686,0.5554,4.2446,-0.3802,0.3442,4,3,3,2,integration
257,604,ključan,Serbian,ADJ,215,yes,-0.528,0.3152,-1.067,0.6008,0.7064,0.5076,-0.609,-0.0223,-1.281,5,4,3,2,key
167,366,zajednički,Serbian,ADJ,216,yes,-7.659,0.5713,1.4995,0.3376,0.7145,0.6286,-7.7711,0.048,0.3304,2,1,1,1,common
375,1062,oblast,Serbian,NOUN,217,yes,-1.7095,-1.478,0.7242,0.5572,0.6497,0.5921,-1.5868,-1.4161,0.6088,2,1,1,1,area
52,112,posebno,Serbian,ADV,218,yes,-7.6219,0.4452,-3.2717,0.339,0.7106,0.4037,-7.0342,-1.1175,-3.8624,2,1,1,1,especially
404,1182,javan,Serbian,ADJ,219,yes,-8.8296,4.0721,2.6087,0.2944,0.8254,0.6809,-9.3912,3.2189,1.4844,2,1,1,1,public
80,4263,ebrd,Serbian,PROPN,220,yes,-2.4236,1.5033,1.5329,0.5308,0.7441,0.6302,-2.5073,1.5882,0.5894,2,1,1,1,ebrd
349,2959,zločin,Serbian,NOUN,221,yes,1.0719,0.6197,-4.9969,0.6598,0.7161,0.3224,1.5025,-0.4314,-4.618,5,4,3,2,a crime
114,2307,kipar,Serbian,PROPN,222,yes,2.6152,1.8923,0.7624,0.7168,0.7564,0.5939,2.3088,2.2186,0.4439,4,3,3,2,Cyprus
385,1081,jun,Serbian,NOUN,223,yes,-0.656,0.5594,-1.8486,0.5961,0.7142,0.4708,-0.439,-0.0183,-1.9248,5,4,3,2,june
75,2203,oebs,Serbian,PROPN,224,yes,1.449,0.7309,0.7943,0.6737,0.7196,0.5954,1.2581,0.958,0.527,5,4,3,2,oebs
248,586,napor,Serbian,NOUN,225,yes,-0.3662,-0.7781,0.599,0.6067,0.6718,0.5862,-0.2404,-0.6288,0.3634,5,4,3,2,effort
136,304,utorak,Serbian,NOUN,226,yes,-2.0864,1.2002,-1.6882,0.5433,0.7345,0.4783,-2.0417,0.5087,-1.9438,5,4,3,2,Tuesday
296,698,način,Serbian,NOUN,227,yes,5.6018,1.2864,1.2642,0.827,0.7372,0.6175,5.2061,2.1052,1.2884,4,3,3,2,the way
443,1510,saopštenje,Serbian,NOUN,228,yes,-1.1338,0.2941,0.9962,0.5784,0.7058,0.6049,-1.2332,0.3496,0.4995,2,1,1,1,announcement
163,360,kandidat,Serbian,NOUN,229,yes,2.3402,-2.0755,-2.6032,0.7066,0.6307,0.4352,2.7062,-2.244,-1.9635,5,4,3,2,candidate
225,514,program,Serbian,NOUN,230,yes,2.0339,-1.7959,-2.5227,0.6953,0.6396,0.439,2.4807,-2.083,-1.9084,5,4,3,2,the program
187,403,sukob,Serbian,NOUN,231,yes,1.2475,-0.2359,-1.837,0.6663,0.689,0.4713,1.4455,-0.5635,-1.5953,5,4,3,2,conflict
182,2439,bugarski,Serbian,ADJ,232,yes,-2.8228,3.5159,5.6848,0.5161,0.8078,0.8259,-3.5774,4.4884,4.0864,2,1,1,1,Bulgarian
8,17,sloboda,Serbian,NOUN,233,yes,-0.6405,-0.0668,0.1753,0.5966,0.6943,0.5662,-0.5596,-0.0571,-0.0298,5,4,3,2,freedom
331,2880,ekonomija,Serbian,NOUN,234,yes,3.7977,-1.2116,-1.6606,0.7604,0.6581,0.4796,4.0601,-1.1557,-1.0703,4,3,3,2,economy
241,2607,decembar,Serbian,NOUN,235,yes,-2.5226,-2.63,-5.8069,0.5272,0.6132,0.2842,-1.515,-4.1951,-4.6046,2,1,1,1,December
201,461,potreban,Serbian,ADJ,236,yes,2.6924,-1.7831,1.0165,0.7196,0.64,0.6058,2.6703,-1.1589,1.3849,5,4,3,2,required
394,1122,pored,Serbian,ADP,237,yes,-2.1759,1.2017,-0.9643,0.54,0.7345,0.5125,-2.3793,0.9346,-1.3568,2,1,1,1,next to
367,1003,ratni,Serbian,ADJ,238,yes,-7.194,3.2705,-0.2789,0.3548,0.8,0.5448,-7.1952,2.4291,-1.5223,2,1,1,1,war
193,436,pogled,Serbian,NOUN,239,yes,-2.2286,-0.8099,-1.1438,0.538,0.6708,0.504,-2.0493,-1.262,-1.2556,2,1,1,1,the view
382,1076,razgovor,Serbian,NOUN,240,yes,-0.851,-1.2076,2.782,0.5889,0.6582,0.6891,-1.0195,-0.5825,2.491,5,4,3,2,conversation
117,265,bez,Serbian,ADP,241,yes,-4.611,0.9168,-1.293,0.4501,0.7255,0.497,-4.4411,0.2023,-2.0505,2,1,1,1,without
45,99,koristiti,Serbian,VERB,242,yes,0.4641,-2.0456,-0.2015,0.6374,0.6317,0.5484,0.6909,-1.8979,0.0332,5,4,3,2,to use
276,660,uslov,Serbian,NOUN,243,yes,1.2207,-1.4814,-0.5486,0.6653,0.6495,0.5321,1.4091,-1.4231,-0.2902,5,4,3,2,condition
481,1742,kriza,Serbian,NOUN,244,yes,-3.2153,-0.6324,-5.3835,0.5016,0.6764,0.3041,-2.5219,-2.1564,-5.2474,2,1,1,1,crisis
256,603,sistem,Serbian,NOUN,245,yes,1.746,-0.3915,-2.384,0.6847,0.6841,0.4455,1.9567,-0.7819,-1.906,5,4,3,2,the system
168,367,stav,Serbian,NOUN,246,yes,6.464,0.8001,-0.4531,0.8588,0.7218,0.5366,6.4245,1.3525,-0.2228,4,3,3,2,attitude
176,379,centar,Serbian,NOUN,247,yes,2.1857,-0.0776,-2.0199,0.7009,0.694,0.4627,2.3201,-0.4053,-1.6788,5,4,3,2,center
342,881,američki,Serbian,ADJ,248,yes,-4.8741,3.1652,2.1265,0.4404,0.7967,0.6582,-5.1846,3.0691,0.6231,2,1,1,1,American
496,1958,izgubiti,Serbian,VERB,249,yes,4.5737,-0.7204,-0.3073,0.7891,0.6736,0.5434,4.5548,-0.1895,0.1537,4,3,3,2,to lose
97,213,preko,Serbian,ADP,250,yes,-4.6156,1.3333,-2.6394,0.4499,0.7387,0.4335,-4.3773,0.1269,-2.9692,2,1,1,1,across
184,393,većina,Serbian,NOUN,251,yes,2.1638,0.1588,1.2746,0.7001,0.7015,0.618,1.9778,0.6981,1.1459,5,4,3,2,the majority
311,746,priština,Serbian,PROPN,252,yes,4.7096,2.6981,1.7421,0.7941,0.7819,0.64,4.2077,3.4372,1.4623,4,3,3,2,Pristina
365,3039,svetski,Serbian,ADJ,253,yes,5.9409,5.0584,-2.1516,0.8395,0.8566,0.4565,5.5623,4.8008,-1.9531,4,3,3,2,worldly
357,930,maj,Serbian,NOUN,254,yes,-1.2919,1.1402,-1.8517,0.5726,0.7326,0.4706,-1.0735,0.3919,-1.9917,5,4,3,2,May
433,1411,pomoć,Serbian,NOUN,255,yes,-2.5523,-0.2933,0.464,0.5261,0.6872,0.5798,-2.5422,-0.4309,0.0357,2,1,1,1,help
255,2651,muzej,Serbian,NOUN,256,yes,-2.3096,2.2157,0.3773,0.535,0.7666,0.5757,-2.5217,1.757,-0.463,2,1,1,1,Museum
359,957,kancelarija,Serbian,NOUN,257,yes,0.8824,0.7355,0.6139,0.6528,0.7197,0.5869,0.7461,0.8649,0.4546,5,4,3,2,Office
386,1091,oktobar,Serbian,NOUN,258,yes,-0.2585,-0.6419,-2.7782,0.6107,0.6761,0.427,0.2846,-1.4167,-2.466,2,1,1,1,October
263,2675,srbin,Serbian,PROPN,259,yes,4.6907,1.3048,-1.4871,0.7934,0.7378,0.4878,4.5417,1.4609,-1.2022,4,3,3,2,Serb
323,793,regionalan,Serbian,ADJ,260,yes,1.1422,1.4214,-2.5815,0.6624,0.7415,0.4362,1.0918,0.8035,-2.4621,5,4,3,2,regional
446,1554,projekat,Serbian,NOUN,261,yes,0.7798,0.454,-0.8582,0.649,0.7108,0.5175,0.9015,0.3399,-1.0315,5,4,3,2,project
144,322,nakon,Serbian,SCONJ,262,yes,-7.568,0.4716,-6.4165,0.341,0.7114,0.2554,-6.5066,-1.6856,-6.6952,2,1,1,1,after
494,1907,poznat,Serbian,ADJ,263,yes,3.8531,1.6785,-0.714,0.7625,0.7496,0.5243,3.6184,1.9357,-0.6756,4,3,3,2,known
155,346,skupština,Serbian,NOUN,264,yes,-6.7701,-0.8992,-3.2612,0.3704,0.668,0.4042,-6.119,-2.2254,-3.5457,2,1,1,1,assembly
260,607,radni,Serbian,ADJ,265,yes,-6.8517,5.4474,7.1395,0.3674,0.869,0.8945,-8.0147,6.1731,4.8794,2,1,1,1,working
422,1331,direktor,Serbian,NOUN,266,yes,3.9147,-0.1927,-4.5256,0.7647,0.6904,0.3446,4.1937,-0.6968,-3.6602,5,4,3,2,Director
419,1320,agencija,Serbian,NOUN,267,yes,-2.4836,-0.9292,-1.6275,0.5286,0.667,0.4812,-2.1545,-1.5005,-1.7557,2,1,1,1,agency
222,504,razvoj,Serbian,NOUN,268,yes,2.008,0.383,-1.4035,0.6944,0.7086,0.4918,1.9994,0.1712,-1.1684,5,4,3,2,development
336,858,daleko,Serbian,ADV,269,yes,8.9057,3.0134,-2.0343,0.9489,0.7919,0.462,8.5123,3.5619,-0.9806,4,3,3,2,far
330,826,već,Serbian,ADV,270,yes,4.6123,2.8706,0.6764,0.7905,0.7874,0.5898,4.2196,3.4136,0.4501,4,3,3,2,already
124,280,kako,Serbian,ADV,271,yes,1.1011,2.8579,3.7959,0.6609,0.787,0.7369,0.4196,3.9074,3.008,2,1,1,1,How
312,751,kako,Serbian,ADV,271,yes,2.5476,6.428,6.589,0.7143,0.9,0.8685,1.3637,8.2823,5.5095,2,1,1,1,How
400,1169,razgovarati,Serbian,VERB,272,yes,1.6508,-2.8039,0.2499,0.6812,0.6077,0.5697,1.8532,-2.4466,0.7712,5,4,3,2,to talk
275,659,ispuniti,Serbian,VERB,273,yes,4.5129,-0.9221,2.6961,0.7868,0.6673,0.685,4.2148,0.2441,2.9408,4,3,3,2,fill out
448,1563,savet,Serbian,NOUN,274,yes,-3.0266,-0.1677,-2.047,0.5086,0.6911,0.4614,-2.6411,-0.926,-2.3825,2,1,1,1,advice
292,694,nalaziti,Serbian,VERB,275,yes,-2.0624,-1.7695,-0.7837,0.5441,0.6404,0.521,-1.7761,-2.0639,-0.787,2,1,1,1,to find
487,1798,mera,Serbian,NOUN,276,yes,3.0497,-0.4077,-1.2034,0.7328,0.6835,0.5012,3.2297,-0.3811,-0.971,4,3,3,2,measure
449,1569,navoditi,Serbian,VERB,277,yes,-2.0604,-0.278,1.2869,0.5442,0.6877,0.6186,-2.229,-0.1334,0.8996,5,4,3,2,state
485,1785,mlad,Serbian,ADJ,278,yes,-2.5159,1.9355,-4.5782,0.5274,0.7577,0.3421,-2.2127,0.464,-4.7981,2,1,1,1,young
203,2511,osvojiti,Serbian,VERB,279,yes,1.1832,0.0845,-0.113,0.6639,0.6991,0.5526,1.2652,0.1543,-0.3324,5,4,3,2,conquer
380,1071,pozvati,Serbian,VERB,280,yes,0.8726,-2.2137,0.483,0.6525,0.6264,0.5807,0.9414,-1.9153,0.6719,5,4,3,2,call up
398,1163,uprkos,Serbian,ADP,281,yes,-3.3567,0.921,-1.0075,0.4964,0.7256,0.5104,-3.3902,0.4274,-1.5233,2,1,1,1,in spite of
191,430,smatrati,Serbian,VERB,282,yes,1.749,-0.8583,2.391,0.6848,0.6693,0.6706,1.4599,0.038,2.1678,5,4,3,2,to consider
377,1068,ek,Serbian,PROPN,283,yes,-3.0604,1.5816,1.0511,0.5073,0.7465,0.6075,-3.1976,1.5842,0.2446,2,1,1,1,eq
200,454,nego,Serbian,CCONJ,284,yes,4.9214,3.8994,-1.5308,0.8019,0.8199,0.4858,4.6744,3.801,-1.2223,4,3,3,2,rather
181,387,akcija,Serbian,NOUN,285,yes,1.2637,-0.6356,-2.5697,0.6669,0.6763,0.4368,1.588,-1.0747,-2.2397,5,4,3,2,action
437,1470,kampanja,Serbian,NOUN,286,yes,0.0584,0.4233,1.1899,0.6224,0.7099,0.614,-0.0355,0.6291,0.9071,5,4,3,2,campaign
472,1690,snaga,Serbian,NOUN,287,yes,4.8443,0.862,-3.1668,0.799,0.7238,0.4086,5.0339,0.5439,-2.7202,4,3,3,2,power
277,661,poziv,Serbian,NOUN,288,yes,-1.5348,0.6718,0.4546,0.5636,0.7177,0.5794,-1.5888,0.7118,-0.0243,2,1,1,1,call
411,1218,rešenje,Serbian,NOUN,289,yes,1.3958,0.788,1.8952,0.6718,0.7214,0.6473,0.9804,1.3855,1.4915,5,4,3,2,the solution
55,119,predstavljati,Serbian,VERB,290,yes,0.3679,-2.2877,2.0174,0.6338,0.624,0.653,0.3234,-1.6417,2.1983,5,4,3,2,represent
373,3093,nagrada,Serbian,NOUN,291,yes,-6.2927,-1.5524,-8.6643,0.388,0.6473,0.1495,-4.7227,-3.9249,-8.5195,2,1,1,1,reward
279,663,ulazak,Serbian,NOUN,292,yes,2.3434,0.2873,1.449,0.7067,0.7056,0.6262,2.0734,0.8464,1.3613,5,4,3,2,entry
408,1201,sastati,Serbian,VERB,293,yes,1.6704,-2.0714,0.3936,0.6819,0.6309,0.5765,1.7202,-1.6978,0.6914,5,4,3,2,to meet
317,777,spor,Serbian,NOUN,294,yes,3.1408,0.2958,0.0288,0.7362,0.7058,0.5593,3.0377,0.6969,0.1444,4,3,3,2,dispute
274,657,crvenkovski,Serbian,PROPN,295,yes,4.2792,1.5721,1.2779,0.7782,0.7462,0.6182,3.765,2.3644,1.253,4,3,3,2,crvenkovski
301,721,nacionalan,Serbian,ADJ,296,yes,-7.8723,1.2691,-1.3011,0.3297,0.7366,0.4966,-7.6198,0.0749,-2.3487,2,1,1,1,national
356,929,21.,Serbian,ADJ,297,yes,-10.5816,1.8566,0.0388,0.2297,0.7552,0.5598,-10.7444,0.4768,-1.1155,2,1,1,1,21.
174,2422,utakmica,Serbian,NOUN,298,yes,-1.1958,0.2416,-10.4686,0.5761,0.7041,0.0644,0.3293,-2.407,-9.8798,2,1,1,1,Match
461,1635,oko,Serbian,ADV,299,yes,-14.0486,3.1106,-4.4258,0.1018,0.795,0.3493,-14.1062,0.2476,-4.6102,1,1,1,1,eye
262,615,oko,Serbian,ADV,299,yes,-1.5917,2.9029,-0.4859,0.5615,0.7884,0.535,-1.7488,2.6131,-1.3317,2,1,1,1,eye
467,1655,kultura,Serbian,NOUN,300,yes,2.832,2.1468,-1.8285,0.7248,0.7644,0.4717,2.733,1.983,-1.8724,4,3,3,2,culture
259,606,investicija,Serbian,NOUN,301,yes,3.6429,0.8359,-0.1447,0.7547,0.7229,0.5511,3.6265,1.1426,-0.1301,4,3,3,2,investment
43,97,institucija,Serbian,NOUN,302,yes,3.9209,-0.904,-0.3937,0.765,0.6678,0.5394,4.0428,-0.6213,0.0674,4,3,3,2,institution
391,1110,jul,Serbian,NOUN,303,yes,-0.2111,0.3978,-1.923,0.6125,0.7091,0.4673,0.2441,-0.3333,-1.8581,2,1,1,1,July
61,133,kontrola,Serbian,NOUN,304,yes,-5.1631,-1.0265,-4.4491,0.4297,0.6639,0.3482,-4.3794,-2.4837,-4.4448,2,1,1,1,control
59,125,politika,Serbian,NOUN,305,yes,2.0527,-0.9395,-1.3443,0.696,0.6667,0.4945,2.2514,-0.9896,-0.8354,5,4,3,2,politics
395,1129,razlog,Serbian,NOUN,306,yes,3.9159,-0.305,0.9626,0.7648,0.6868,0.6033,3.8093,0.3281,1.0311,4,3,3,2,reason
486,1793,ukazati,Serbian,VERB,307,yes,-0.9016,-1.4449,0.7746,0.587,0.6507,0.5944,-0.909,-1.2737,0.6745,5,4,3,2,point
436,1465,protest,Serbian,NOUN,308,yes,4.1001,-0.1956,-0.1525,0.7716,0.6903,0.5507,4.0716,0.2986,0.018,4,3,3,2,protest
130,2340,kolega,Serbian,NOUN,309,yes,0.2935,-0.8332,-0.8887,0.6311,0.6701,0.516,0.4423,-0.9037,-0.87,5,4,3,2,a colleague
414,1236,unutrašnji,Serbian,ADJ,310,yes,-7.4115,3.4242,0.2601,0.3467,0.8049,0.5702,-7.5477,2.3948,-0.8676,2,1,1,1,internal
489,1861,milijarda,Serbian,NOUN,311,yes,-9.1451,1.1948,-5.1804,0.2827,0.7343,0.3137,-8.4676,-0.927,-5.3174,2,1,1,1,billion
131,294,partija,Serbian,NOUN,312,yes,-1.2233,-2.0774,-3.6251,0.5751,0.6307,0.387,-0.7638,-2.8386,-2.9719,5,4,3,2,party
31,59,četiri,Serbian,NUM,313,yes,0.4459,3.465,0.3867,0.6367,0.8062,0.5762,0.1844,3.3686,-0.3074,5,4,3,2,four
378,1067,komisija,Serbian,NOUN,314,yes,-5.2643,0.9765,0.8317,0.426,0.7274,0.5971,-5.1757,0.6338,-0.1008,2,1,1,1,commission
393,1114,izraziti,Serbian,VERB,315,yes,2.8556,-0.5606,1.8435,0.7256,0.6787,0.6448,2.6242,0.2162,1.7971,4,3,3,2,express
396,1132,brisel,Serbian,PROPN,316,yes,0.7886,1.7007,2.4971,0.6494,0.7503,0.6756,0.4298,2.2659,1.8406,5,4,3,2,Brussels
242,561,novembar,Serbian,NOUN,317,yes,-0.5978,0.7418,-3.875,0.5982,0.7199,0.3752,0.0426,-0.5538,-3.67,2,1,1,1,November
372,1041,malo,Serbian,ADV,318,yes,0.5405,1.0728,-1.6418,0.6402,0.7304,0.4805,0.4929,0.6902,-1.794,5,4,3,2,a little
493,1896,januar,Serbian,NOUN,319,yes,-1.9048,0.3762,-3.7288,0.55,0.7084,0.3821,-1.323,-1.0323,-3.5172,2,1,1,1,January
324,802,nadati,Serbian,VERB,320,yes,3.3937,-1.2916,0.9766,0.7455,0.6556,0.604,3.287,-0.6125,1.4352,5,4,3,2,to hope
162,353,jer,Serbian,SCONJ,321,yes,-1.3367,2.0796,3.8926,0.5709,0.7623,0.7414,-2.0092,2.9367,2.7333,2,1,1,1,because
211,485,voditi,Serbian,VERB,322,yes,-0.23,-1.4239,-0.8355,0.6118,0.6514,0.5185,-0.0527,-1.5744,-0.8451,5,4,3,2,lead
6,15,napad,Serbian,NOUN,323,yes,4.967,0.4977,-1.4901,0.8036,0.7122,0.4877,4.973,0.6469,-1.0452,4,3,3,2,attack
474,1701,značiti,Serbian,VERB,324,yes,4.1123,-0.6761,-0.2678,0.772,0.675,0.5453,4.1043,-0.1803,0.0858,4,3,3,2,mean
265,628,nemati,Serbian,VERB,325,yes,-1.4955,-0.7171,-0.9561,0.5651,0.6737,0.5128,-1.2775,-0.9859,-1.1536,2,1,1,1,don't have
401,3220,dnevnik,Serbian,NOUN,326,yes,3.1855,1.8621,-1.8046,0.7378,0.7554,0.4728,3.228,1.806,-1.6661,4,3,3,2,diary
353,921,petak,Serbian,NOUN,327,yes,1.8398,0.7122,-1.7333,0.6882,0.719,0.4762,1.8101,0.463,-1.5233,5,4,3,2,Friday
231,533,ljudski,Serbian,ADJ,328,yes,-10.2836,7.3879,4.0811,0.2407,0.9304,0.7503,-10.9082,6.7648,2.3648,1,1,1,1,human
245,577,verovati,Serbian,VERB,329,yes,3.8461,-1.6167,0.8261,0.7622,0.6453,0.5969,3.8133,-0.8959,1.2807,5,4,3,2,to believe
198,444,lokalan,Serbian,ADJ,330,yes,-6.0611,1.2931,-0.173,0.3966,0.7374,0.5498,-5.9251,0.4384,-1.1073,2,1,1,1,local
270,647,ja,Serbian,PRON,331,yes,5.9616,3.8995,3.4025,0.8403,0.8199,0.7183,5.0414,5.1728,2.9866,4,3,3,2,me
452,1605,forum,Serbian,NOUN,332,yes,-0.5415,-0.4719,-1.5613,0.6003,0.6815,0.4843,-0.3156,-0.9774,-1.5887,5,4,3,2,forum
450,1591,pokušaj,Serbian,NOUN,334,yes,1.5256,-0.0128,-1.8381,0.6766,0.6961,0.4713,1.6983,-0.2952,-1.6434,5,4,3,2,try
417,1272,pet,Serbian,NUM,335,yes,-3.2378,2.3483,-1.4262,0.5008,0.7708,0.4907,-3.177,1.5876,-1.8591,2,1,1,1,five
126,285,predsedništvo,Serbian,NOUN,336,yes,-5.8795,2.4411,3.2775,0.4033,0.7738,0.7124,-6.4205,2.6034,1.8958,2,1,1,1,presidency
407,1195,atina,Serbian,PROPN,337,yes,0.5729,4.0073,0.5516,0.6414,0.8233,0.5839,0.1481,3.8082,-0.1366,2,1,1,1,Athens
290,692,svet,Serbian,NOUN,338,yes,0.9712,1.3012,-2.3817,0.6561,0.7377,0.4456,1.1945,0.8208,-2.3445,4,3,3,2,the world
405,1184,planirati,Serbian,VERB,339,yes,4.0217,0.1579,1.391,0.7687,0.7015,0.6235,3.7773,0.8979,1.4625,4,3,3,2,plan
314,754,promena,Serbian,NOUN,340,yes,3.2503,0.4919,1.1393,0.7402,0.712,0.6116,3.0424,1.0257,1.1038,5,4,3,2,change
368,1029,pozivati,Serbian,VERB,341,yes,0.3181,-1.3423,0.2614,0.632,0.654,0.5702,0.2896,-1.1736,0.3665,5,4,3,2,invite
106,4334,stopa,Serbian,NOUN,342,yes,3.8435,0.2184,-2.9475,0.7621,0.7034,0.419,4.0285,-0.0166,-2.3763,4,3,3,2,Rate
93,196,svedok,Serbian,NOUN,343,yes,9.267,4.5059,0.259,0.9623,0.8391,0.5701,8.5094,5.3662,0.4919,4,3,3,2,until
116,264,ostati,Serbian,VERB,344,yes,1.4686,-0.9794,2.9098,0.6745,0.6654,0.6951,1.2069,-0.0757,2.776,5,4,3,2,stay
463,1644,rezolucija,Serbian,NOUN,345,yes,0.2746,0.9155,0.3199,0.6304,0.7254,0.573,0.2615,0.9196,-0.0827,5,4,3,2,resolution
69,141,danas,Serbian,ADV,346,yes,0.2322,2.0563,-0.1248,0.6288,0.7616,0.552,-0.0902,2.1106,-0.591,5,4,3,2,today
392,1111,sve,Serbian,DET,347,yes,5.3087,1.8216,1.9529,0.8162,0.7541,0.65,4.8771,2.766,1.8559,4,3,3,2,all
447,1560,demokratija,Serbian,NOUN,348,yes,5.7395,1.0027,-0.9157,0.8321,0.7282,0.5148,5.6601,1.2331,-0.4591,4,3,3,2,democracy
29,51,mali,Serbian,ADJ,349,yes,3.5692,2.8205,-1.4506,0.752,0.7858,0.4895,3.3396,2.7436,-1.563,4,3,3,2,little
425,1358,pokazivati,Serbian,VERB,350,yes,0.1559,-1.5201,-0.8638,0.626,0.6483,0.5172,0.2742,-1.5709,-0.5584,5,4,3,2,to show
76,155,opozicioni,Serbian,ADJ,351,yes,-5.253,3.1373,3.3506,0.4264,0.7958,0.7159,-5.8083,3.3244,2.01,2,1,1,1,oppositional
297,702,gde,Serbian,ADV,352,yes,-1.3913,3.016,3.4334,0.5689,0.792,0.7198,-2.0884,3.7178,2.1679,2,1,1,1,where
154,345,generalan,Serbian,ADJ,353,yes,-11.4032,3.1022,-0.7528,0.1994,0.7947,0.5224,-11.4952,1.2622,-1.9107,2,1,1,1,general
409,3253,zvaničan,Serbian,ADJ,354,yes,-7.4953,2.0423,1.8394,0.3436,0.7611,0.6446,-7.7372,1.6375,0.4802,2,1,1,1,official
379,1070,april,Serbian,NOUN,355,yes,-0.4746,1.5329,-0.5927,0.6027,0.745,0.53,-0.4989,1.2377,-0.8406,5,4,3,2,April
381,3118,veza,Serbian,NOUN,356,yes,3.3116,-0.1203,-2.1421,0.7425,0.6926,0.4569,3.5174,-0.1872,-1.6807,4,3,3,2,the relationship
343,2930,konferencija,Serbian,NOUN,357,yes,-2.1747,-0.6847,-0.2495,0.54,0.6748,0.5462,-1.9694,-0.85,-0.5826,2,1,1,1,conference
101,223,reč,Serbian,NOUN,358,yes,-3.6338,0.8142,0.3889,0.4862,0.7222,0.5763,-3.5574,0.5126,-0.4732,2,1,1,1,Word
326,817,kakav,Serbian,DET,359,yes,1.0629,0.4578,-2.3602,0.6595,0.711,0.4467,1.0552,0.1289,-2.3854,5,4,3,2,what kind of
195,438,zajedno,Serbian,ADV,360,yes,-3.3058,2.6155,4.1542,0.4983,0.7793,0.7538,-3.9157,3.1512,2.8023,2,1,1,1,together
138,308,sdp,Serbian,PROPN,361,yes,6.6932,2.7429,1.1419,0.8673,0.7833,0.6118,6.1952,3.5209,1.1058,4,3,3,2,sdp
237,554,alijansa,Serbian,NOUN,362,yes,0.2804,1.3789,3.7379,0.6306,0.7401,0.7341,-0.2584,2.1791,2.9611,5,4,3,2,alliance
247,581,vrednost,Serbian,NOUN,363,yes,1.8315,1.0102,-1.7088,0.6879,0.7284,0.4774,1.8702,0.6316,-1.6509,5,4,3,2,value
65,137,mišljenje,Serbian,NOUN,364,yes,3.1411,0.7111,-2.0617,0.7362,0.719,0.4607,3.2169,0.476,-1.8368,5,4,3,2,opinion
272,651,život,Serbian,NOUN,365,yes,5.3678,1.4205,-1.4312,0.8184,0.7414,0.4905,5.5137,1.6387,-1.1973,4,3,3,2,Life
453,1617,jugoistočni,Serbian,ADJ,366,yes,-9.4247,6.7021,5.9526,0.2724,0.9087,0.8385,-10.3944,6.8887,4.1485,1,1,1,1,southeast
492,1888,podatak,Serbian,NOUN,367,yes,4.9254,3.3551,-1.4288,0.802,0.8027,0.4906,4.6805,3.4027,-1.712,4,3,3,2,data
325,813,kulturan,Serbian,ADJ,368,yes,2.3499,1.8884,-7.5616,0.707,0.7563,0.2015,2.5815,0.2553,-6.635,4,3,3,2,cultured
479,1723,azil,Serbian,NOUN,369,yes,-3.557,1.5896,0.9839,0.489,0.7468,0.6043,-3.6608,1.3617,0.0815,2,1,1,1,asylum
175,377,rezultat,Serbian,NOUN,370,yes,3.4823,-0.0748,-0.2314,0.7488,0.6941,0.547,3.4946,0.1905,-0.115,4,3,3,2,the result
478,1722,status,Serbian,NOUN,371,yes,3.3417,0.9833,0.4238,0.7436,0.7276,0.5779,3.1309,1.4047,0.3247,4,3,3,2,status
319,779,ime,Serbian,NOUN,372,yes,0.4662,0.683,-5.5911,0.6375,0.7181,0.2943,0.8638,-0.6733,-5.1284,5,4,3,2,Name
320,781,prijem,Serbian,NOUN,373,yes,0.3987,1.1618,2.713,0.635,0.7332,0.6858,0.1008,1.8035,2.1027,5,4,3,2,reception
397,1141,sanader,Serbian,PROPN,374,yes,-0.4835,3.5679,4.8641,0.6024,0.8094,0.7872,-1.3235,4.6611,3.6832,2,1,1,1,sanader
268,635,stabilnost,Serbian,NOUN,375,yes,4.1497,1.9377,0.084,0.7734,0.7578,0.5619,3.8889,2.3068,0.0763,4,3,3,2,stability
384,1078,diplomatija,Serbian,NOUN,376,yes,5.5037,3.4501,-1.0656,0.8234,0.8057,0.5077,4.9266,3.783,-0.7052,4,3,3,2,diplomacy
451,1597,ostvariti,Serbian,VERB,377,yes,2.6787,-0.1294,1.8826,0.7191,0.6924,0.6467,2.4728,0.5564,1.7744,5,4,3,2,to accomplish
189,423,cena,Serbian,NOUN,378,yes,6.9161,2.9001,-3.505,0.8755,0.7883,0.3927,6.9158,2.64,-3.1365,4,3,3,2,the price
369,1031,istraga,Serbian,NOUN,379,yes,1.0576,0.5917,-4.6723,0.6593,0.7152,0.3377,1.4848,-0.4156,-4.4139,5,4,3,2,investigation
199,449,obzir,Serbian,NOUN,380,yes,5.7434,4.8524,-2.6967,0.8322,0.8501,0.4308,5.6302,4.6493,-2.8325,4,3,3,2,consideration
159,348,poseta,Serbian,NOUN,381,yes,0.2424,-0.7994,-0.4573,0.6292,0.6711,0.5364,0.3394,-0.8636,-0.4953,5,4,3,2,visit
327,823,učestvovati,Serbian,VERB,382,yes,6.5019,0.8837,1.1307,0.8602,0.7244,0.6112,6.2341,1.8319,1.2733,4,3,3,2,participate
387,1093,međuvreme,Serbian,NOUN,383,yes,-0.7654,1.7283,0.9508,0.592,0.7512,0.6027,-1.0541,1.7404,0.3161,2,1,1,1,interim period
273,2703,trenutak,Serbian,NOUN,384,yes,4.9378,1.3948,3.4097,0.8025,0.7406,0.7187,4.2897,2.6508,3.145,4,3,3,2,a moment
105,235,sredstvo,Serbian,NOUN,385,yes,1.0814,-1.012,0.2277,0.6602,0.6644,0.5687,1.1139,-0.7736,0.1743,5,4,3,2,agent
339,867,dijalog,Serbian,NOUN,386,yes,-2.3368,0.8019,2.0636,0.534,0.7218,0.6552,-2.4789,1.0147,1.195,2,1,1,1,dialogue
252,592,početak,Serbian,NOUN,387,yes,3.1398,1.0861,-1.0601,0.7361,0.7308,0.5079,3.2636,1.0426,-0.9405,4,3,3,2,the start
226,521,sledeći,Serbian,ADJ,388,yes,2.329,2.8716,2.1863,0.7062,0.7874,0.661,1.7607,3.3917,1.6007,4,3,3,2,next
442,1505,događaj,Serbian,NOUN,389,yes,0.3671,-1.24,-1.6096,0.6338,0.6572,0.482,0.6564,-1.4819,-1.4492,5,4,3,2,an event
108,2290,finansijski,Serbian,ADJ,390,yes,-7.0025,1.0104,-2.6322,0.3618,0.7285,0.4338,-6.6206,-0.3937,-3.3656,2,1,1,1,financial
498,1993,plan,Serbian,NOUN,391,yes,0.1043,-0.1817,-0.8443,0.6241,0.6907,0.5181,0.2468,-0.3157,-0.9842,5,4,3,2,Plan
107,239,ustavan,Serbian,ADJ,392,yes,-7.0997,5.3715,4.8195,0.3582,0.8665,0.7851,-7.8841,5.3985,2.7839,2,1,1,1,constitutional
298,703,živeti,Serbian,VERB,393,yes,2.3492,-1.4117,-1.4896,0.707,0.6518,0.4877,2.4993,-1.3869,-1.1025,5,4,3,2,to live
264,2676,kfor,Serbian,PROPN,394,yes,6.1765,3.483,-1.8678,0.8482,0.8067,0.4699,5.9343,3.375,-1.4428,4,3,3,2,kfor
466,3698,kiparski,Serbian,ADJ,395,yes,-3.5256,3.4927,-1.1824,0.4901,0.8071,0.5022,-3.5786,2.974,-1.904,2,1,1,1,Cypriot
338,866,završiti,Serbian,VERB,396,yes,1.6839,-0.5495,1.9687,0.6824,0.6791,0.6507,1.4941,0.0825,1.7435,5,4,3,2,end
19,2091,specijalan,Serbian,ADJ,397,yes,-16.8065,5.4438,-3.5347,0.0,0.8688,0.3913,-17.0653,2.4213,-4.1198,1,1,1,1,special
74,2200,uključivati,Serbian,VERB,398,yes,0.5727,-1.0113,1.0041,0.6414,0.6644,0.6053,0.5245,-0.703,0.8955,5,4,3,2,include
465,1649,uključivati,Serbian,VERB,398,yes,-0.6741,0.254,-1.4556,0.5954,0.7045,0.4893,-0.546,-0.2176,-1.7008,5,4,3,2,include
250,588,pravda,Serbian,NOUN,399,yes,3.1398,3.7747,-0.1439,0.7361,0.816,0.5511,2.739,3.7943,-0.5137,4,3,3,2,justice
488,1848,internet,Serbian,NOUN,400,yes,9.8652,7.3495,2.7044,0.9843,0.9292,0.6854,8.6763,8.5602,2.4278,4,3,3,2,Internet
470,1672,9.,Serbian,ADJ,401,yes,-11.4812,2.1242,0.5678,0.1965,0.7637,0.5847,-11.9172,0.666,-0.8242,1,1,1,1,9.
462,1639,verski,Serbian,ADJ,402,yes,4.9168,3.3358,-3.6329,0.8017,0.8021,0.3867,4.9087,2.8825,-3.3024,4,3,3,2,religious
427,1365,povećati,Serbian,VERB,403,yes,2.319,-0.8063,-0.0577,0.7058,0.6709,0.5552,2.3143,-0.5874,0.1388,5,4,3,2,size up
235,2595,fudbalski,Serbian,ADJ,404,yes,-15.9455,5.7715,-3.1129,0.0318,0.8792,0.4112,-15.9677,2.8019,-4.2898,1,1,1,1,football
50,4206,banka,Serbian,NOUN,405,yes,1.3247,-0.0003,-4.7499,0.6691,0.6964,0.334,1.7952,-0.9682,-4.0692,5,4,3,2,the bank
416,1256,lokacija,Serbian,NOUN,406,yes,0.3776,0.6621,-0.8289,0.6342,0.7174,0.5188,0.4726,0.4254,-1.112,5,4,3,2,location
475,1707,demonstrant,Serbian,NOUN,407,yes,1.3164,1.1087,-4.315,0.6688,0.7316,0.3545,1.5398,0.1686,-4.0733,5,4,3,2,a protester
98,2261,nemačka,Serbian,PROPN,408,yes,1.768,1.837,0.0726,0.6855,0.7546,0.5613,1.6169,2.0792,-0.034,5,4,3,2,Germany
423,1338,odlučiti,Serbian,VERB,409,yes,5.1113,0.2484,3.2216,0.8089,0.7043,0.7098,4.5963,1.5965,3.285,4,3,3,2,decide
104,2281,grk,Serbian,PROPN,410,yes,-3.9329,0.179,-3.4282,0.4751,0.7021,0.3963,-3.4353,-0.8358,-3.6474,2,1,1,1,Greek
358,2983,optužnica,Serbian,NOUN,411,yes,8.5579,5.0517,0.4919,0.9361,0.8564,0.5811,7.9607,5.8102,0.4382,4,3,3,2,indictment
399,1165,pokrenuti,Serbian,VERB,412,yes,2.9702,-0.6575,1.3257,0.7299,0.6756,0.6204,2.784,-0.016,1.3901,5,4,3,2,start up
26,4145,albanac,Serbian,PROPN,413,yes,0.802,0.5781,-1.735,0.6499,0.7148,0.4761,0.7012,0.2858,-1.6832,5,4,3,2,Albanian
102,230,mnogo,Serbian,DET,414,yes,-1.756,-0.8898,-1.313,0.5555,0.6683,0.496,-1.4865,-1.2639,-1.3697,2,1,1,1,much
217,492,mnogo,Serbian,DET,414,yes,-1.6055,5.4153,3.3974,0.561,0.8679,0.7181,-2.3706,5.5986,2.112,2,1,1,1,much
218,494,uraditi,Serbian,VERB,415,yes,3.8179,-0.9966,-0.7922,0.7612,0.6649,0.5206,3.8932,-0.6859,-0.3265,4,3,3,2,to do
495,1914,granica,Serbian,NOUN,416,yes,-1.7024,0.026,-2.3081,0.5574,0.6973,0.4491,-1.2586,-0.6981,-2.4337,5,4,3,2,border
460,1632,nevladin,Serbian,ADJ,417,yes,-8.0764,7.9842,6.1212,0.3222,0.9493,0.8465,-8.8505,8.1606,4.122,1,1,1,1,non-governmental
374,1058,proširenje,Serbian,NOUN,418,yes,5.7135,3.4279,1.2389,0.8311,0.805,0.6163,5.2852,4.1097,1.0937,4,3,3,2,expansion
480,1729,usvojiti,Serbian,VERB,419,yes,-0.343,-1.8534,-1.9011,0.6076,0.6378,0.4683,-0.0314,-2.2689,-1.5296,5,4,3,2,adopt
261,613,budućnost,Serbian,NOUN,420,yes,2.4566,-0.4044,0.7688,0.7109,0.6836,0.5942,2.3352,-0.0158,0.8928,5,4,3,2,the future
0,1,kazna,Serbian,NOUN,421,yes,9.9262,7.1594,4.7186,0.9866,0.9232,0.7804,8.6163,8.9613,4.1813,4,3,3,2,punishment
153,344,predsedavajući,Serbian,ADJ,422,yes,2.3713,0.152,-1.0123,0.7078,0.7013,0.5102,2.5556,0.2208,-0.9123,5,4,3,2,chairman
166,363,dati,Serbian,VERB,423,yes,4.1535,-0.5206,1.8894,0.7735,0.68,0.647,3.9003,0.4016,1.9922,4,3,3,2,give
146,325,mada,Serbian,SCONJ,424,yes,3.6301,2.4276,-2.6213,0.7542,0.7733,0.4343,3.5443,2.183,-2.1255,4,3,3,2,even though
172,372,poslednji,Serbian,ADJ,425,yes,4.6353,4.1409,0.6346,0.7913,0.8276,0.5878,4.0719,4.6049,0.3689,4,3,3,2,the last
78,164,bilo,Serbian,PART,426,yes,-4.3098,2.3586,0.2162,0.4612,0.7711,0.5681,-4.6352,2.0229,-0.6633,2,1,1,1,there were
142,319,pun,Serbian,ADJ,428,yes,-6.1938,2.6244,0.2793,0.3917,0.7796,0.5711,-6.3571,1.9218,-0.8601,2,1,1,1,full
71,143,pokazati,Serbian,VERB,429,yes,4.695,-0.562,0.7667,0.7935,0.6787,0.5941,4.5961,0.1982,0.9983,4,3,3,2,to show
27,52,balkanski,Serbian,ADJ,430,yes,7.7908,5.827,0.4173,0.9078,0.881,0.5776,7.1075,6.3435,0.225,4,3,3,2,Balkan
328,824,vojni,Serbian,ADJ,431,yes,-5.0606,4.265,2.0958,0.4335,0.8315,0.6567,-5.5544,3.9861,0.4488,2,1,1,1,military
402,1175,strategija,Serbian,NOUN,432,yes,1.6867,0.8945,0.7999,0.6825,0.7248,0.5956,1.4495,1.188,0.4627,5,4,3,2,strategy
232,540,sarađivati,Serbian,VERB,433,yes,3.8163,2.4909,3.7905,0.7611,0.7753,0.7366,3.1212,3.6532,3.0901,4,3,3,2,cooperate
177,381,misliti,Serbian,VERB,434,yes,4.6753,-0.7337,-0.7636,0.7928,0.6732,0.5219,4.7316,-0.2929,-0.3583,4,3,3,2,think
370,1036,značajan,Serbian,ADJ,435,yes,-7.702,2.3041,2.5011,0.336,0.7694,0.6758,-8.055,1.9541,0.853,2,1,1,1,significant
92,2240,100,Serbian,NUM,436,yes,-10.152,-2.0851,-9.3607,0.2456,0.6304,0.1166,-9.0818,-5.0938,-8.1058,2,1,1,1,100
360,961,obrazovanje,Serbian,NOUN,437,yes,2.3195,0.9171,-1.0126,0.7059,0.7255,0.5102,2.2983,0.8565,-0.9416,5,4,3,2,education
389,1102,trenutno,Serbian,ADV,438,yes,-7.4497,2.7612,3.22,0.3453,0.7839,0.7097,-7.9849,2.6911,1.6483,2,1,1,1,currently
157,2396,deca,Serbian,NOUN,439,yes,4.789,2.6263,-1.0103,0.797,0.7796,0.5103,4.4683,2.7986,-1.1535,4,3,3,2,children
420,1326,carinski,Serbian,ADJ,440,yes,-3.9521,4.794,4.2826,0.4744,0.8483,0.7598,-4.6153,5.2946,2.7805,2,1,1,1,customs
426,1360,trgovina,Serbian,NOUN,441,yes,3.791,2.0696,-1.4274,0.7602,0.762,0.4906,3.6521,2.0429,-1.3223,4,3,3,2,trade
471,1676,globalan,Serbian,ADJ,442,yes,-8.7891,3.3753,-1.5267,0.2959,0.8033,0.4859,-8.7299,1.8495,-2.7278,2,1,1,1,global
361,972,ukupno,Serbian,ADV,443,yes,-6.8956,4.8612,4.3098,0.3658,0.8504,0.7611,-7.683,4.847,2.2596,2,1,1,1,in total
441,1504,videti,Serbian,VERB,444,yes,3.4949,-0.0469,2.254,0.7492,0.695,0.6642,3.2004,0.9137,2.0805,4,3,3,2,to see
435,1462,stran,Serbian,ADJ,445,yes,4.3821,3.2848,-5.1156,0.782,0.8005,0.3168,4.2309,2.273,-4.4646,4,3,3,2,foreign
388,1094,otvoriti,Serbian,ADJ,446,yes,-2.0005,-0.0271,-2.7416,0.5464,0.6956,0.4287,-1.7539,-0.9542,-2.9786,5,4,3,2,open
123,276,otvoriti,Serbian,ADJ,446,yes,2.2468,-0.7444,-1.1711,0.7032,0.6729,0.5027,2.3339,-0.7729,-0.9528,5,4,3,2,open
482,1748,moguć,Serbian,ADJ,447,yes,3.2124,1.6945,0.5498,0.7388,0.7501,0.5838,2.8169,2.1178,0.2447,4,3,3,2,possible
313,753,situacija,Serbian,NOUN,448,yes,-2.3859,-0.1266,0.4247,0.5322,0.6924,0.5779,-2.3477,-0.3072,-0.0849,2,1,1,1,Situation
477,1714,treći,Serbian,ADJ,449,yes,0.3231,4.4431,3.1413,0.6322,0.8371,0.706,-0.3768,4.8902,2.2468,2,1,1,1,third
46,100,isti,Serbian,ADJ,450,yes,2.3939,3.0055,0.2115,0.7086,0.7916,0.5679,1.8932,3.2007,-0.2705,4,3,3,2,the same
390,1107,preuzeti,Serbian,VERB,451,yes,4.1136,-0.0765,-0.3127,0.7721,0.694,0.5432,4.0037,0.3131,-0.1596,4,3,3,2,download
210,484,obećati,Serbian,VERB,452,yes,0.591,0.3519,0.8261,0.6421,0.7076,0.5969,0.3969,0.6049,0.4662,5,4,3,2,promise
47,2146,2007.,Serbian,ADJ,453,yes,-0.0617,6.0176,-1.185,0.618,0.887,0.5021,-0.1639,5.4716,-1.12,4,3,3,2,in 2007
258,2653,izložba,Serbian,NOUN,454,yes,2.0617,2.4311,-2.0148,0.6963,0.7734,0.4629,1.8608,1.9305,-2.0686,5,4,3,2,exhibition
468,1662,inicijativa,Serbian,NOUN,455,yes,3.7042,1.8585,-0.4202,0.757,0.7553,0.5381,3.5668,1.9052,-0.514,4,3,3,2,initiative
415,1246,osoba,Serbian,NOUN,456,yes,5.1646,0.9946,1.138,0.8109,0.7279,0.6116,4.87,1.7224,1.0725,4,3,3,2,a person
194,437,činjenica,Serbian,NOUN,457,yes,-2.5952,1.2532,0.6231,0.5245,0.7361,0.5873,-2.6372,1.1283,-0.1965,2,1,1,1,fact
128,2333,godišnji,Serbian,ADJ,458,yes,-9.2169,4.0654,0.2127,0.2801,0.8252,0.5679,-9.1719,2.6783,-1.3019,2,1,1,1,annual
355,925,standard,Serbian,NOUN,459,yes,3.5496,2.2077,-0.0089,0.7513,0.7664,0.5575,3.203,2.4434,-0.1646,4,3,3,2,standard
329,2873,posetilac,Serbian,NOUN,460,yes,-0.8894,2.2212,2.4447,0.5874,0.7668,0.6732,-1.3259,2.6725,1.4954,2,1,1,1,visitor
376,5163,imovina,Serbian,NOUN,461,yes,7.4355,5.5075,1.6944,0.8947,0.8709,0.6378,6.6413,6.298,1.2401,4,3,3,2,property
421,3377,partenon,Serbian,PROPN,462,yes,3.963,7.1109,4.3372,0.7665,0.9216,0.7624,2.8065,7.9799,3.3745,2,1,1,1,parthenon
321,4881,jezik,Serbian,NOUN,463,yes,-2.3637,1.7063,0.3573,0.533,0.7505,0.5748,-2.5212,1.5723,-0.3099,2,1,1,1,Language
283,2720,održati,Serbian,VERB,464,yes,2.1181,-1.0892,0.3119,0.6984,0.662,0.5726,2.183,-0.8155,0.4248,5,4,3,2,maintain
429,1374,održati,Serbian,VERB,464,yes,-0.4061,-1.5612,-0.1596,0.6053,0.647,0.5504,-0.3193,-1.62,-0.0042,5,4,3,2,maintain
81,168,aktivnost,Serbian,NOUN,465,yes,-0.3787,-0.722,-3.3297,0.6063,0.6736,0.401,0.0914,-1.5797,-3.0582,5,4,3,2,activity
497,1968,50,Serbian,NUM,466,yes,-3.562,-1.2698,-8.986,0.4888,0.6562,0.1343,-2.4953,-3.6306,-7.6314,2,1,1,1,50
254,598,ponuditi,Serbian,VERB,467,yes,2.2439,-1.3205,-1.0737,0.7031,0.6546,0.5073,2.3719,-1.2677,-0.7241,5,4,3,2,offer
363,3024,mogućnost,Serbian,NOUN,468,yes,4.4726,1.8472,2.4545,0.7853,0.7549,0.6736,4.0154,2.7793,2.1079,4,3,3,2,possibility
251,591,pravosuđe,Serbian,NOUN,469,yes,1.9911,2.8528,-0.3858,0.6937,0.7868,0.5397,1.6937,2.6748,-0.6523,4,3,3,2,Justice
132,297,nastaviti,Serbian,VERB,470,yes,3.9301,-0.3736,2.6461,0.7653,0.6846,0.6827,3.5665,0.6602,2.5645,4,3,3,2,continue
316,765,neophodan,Serbian,ADJ,471,yes,1.0081,0.7245,0.8695,0.6575,0.7194,0.5989,0.6564,0.9817,0.6449,5,4,3,2,necessary
149,337,podržati,Serbian,VERB,472,yes,3.2247,-0.8011,1.2204,0.7393,0.6711,0.6155,3.1311,-0.1418,1.2223,4,3,3,2,support
83,171,kriminal,Serbian,NOUN,473,yes,7.0749,2.6893,-2.5831,0.8814,0.7816,0.4361,6.9167,2.8058,-2.0668,4,3,3,2,crime
332,840,sekretar,Serbian,NOUN,474,yes,-3.1405,-0.7868,-2.5603,0.5044,0.6715,0.4372,-2.627,-1.5008,-2.7274,2,1,1,1,the secretary
63,135,slobodan,Serbian,ADJ,475,yes,3.3403,2.7888,-2.0357,0.7435,0.7848,0.462,3.1952,2.6136,-2.0893,4,3,3,2,free
293,695,pred,Serbian,ADP,476,yes,-7.976,2.4842,1.3834,0.3259,0.7751,0.6231,-8.1969,1.8151,0.0403,2,1,1,1,before
364,986,implementacija,Serbian,NOUN,477,yes,-2.0655,0.95,2.4386,0.544,0.7265,0.6729,-2.3085,1.3421,1.5106,2,1,1,1,implementation
84,172,korupcija,Serbian,NOUN,478,yes,5.9824,3.071,-2.7036,0.841,0.7937,0.4305,5.781,2.9057,-2.2364,4,3,3,2,corruption
440,1502,uloga,Serbian,NOUN,479,yes,0.4536,0.0106,-2.4439,0.637,0.6968,0.4427,0.705,-0.5507,-2.418,5,4,3,2,the role
354,922,paket,Serbian,NOUN,480,yes,3.5994,2.3991,-2.763,0.7531,0.7724,0.4277,3.5613,2.0715,-2.7696,4,3,3,2,package
32,61,preduzeće,Serbian,NOUN,481,yes,1.5831,1.0621,-2.7791,0.6787,0.7301,0.4269,1.7703,0.4926,-2.7199,5,4,3,2,company
473,1694,pomoći,Serbian,VERB,482,yes,4.4465,-0.53,0.4714,0.7844,0.6797,0.5801,4.3093,0.1283,0.7986,4,3,3,2,help
403,1180,širok,Serbian,ADJ,483,yes,-3.8948,4.0718,3.0255,0.4765,0.8254,0.7005,-4.4485,4.2071,1.4511,2,1,1,1,wide
351,919,promeniti,Serbian,VERB,484,yes,4.5895,0.6491,1.5574,0.7896,0.717,0.6313,4.2786,1.4955,1.5639,4,3,3,2,change
266,630,pronaći,Serbian,VERB,485,yes,4.8405,0.4838,-1.0207,0.7989,0.7118,0.5098,4.7146,0.7463,-0.7189,4,3,3,2,to find
455,1624,organizovati,Serbian,VERB,486,yes,0.9332,-0.1494,-0.4436,0.6547,0.6917,0.537,0.9272,-0.1775,-0.6636,5,4,3,2,organize
456,1625,fondacija,Serbian,NOUN,487,yes,4.2048,1.7482,0.2133,0.7754,0.7518,0.568,3.9986,2.1693,0.151,4,3,3,2,foundation
348,909,deset,Serbian,NUM,488,yes,-0.0528,2.5733,-0.7252,0.6183,0.7779,0.5237,-0.0887,2.2138,-1.2273,5,4,3,2,ten
253,593,pravosudni,Serbian,ADJ,489,yes,1.4574,4.6048,1.768,0.674,0.8423,0.6413,0.9798,4.8121,1.0432,2,1,1,1,judicial
346,905,značaj,Serbian,NOUN,490,yes,5.0953,1.4077,-0.2902,0.8083,0.741,0.5442,4.8423,1.7668,-0.1461,4,3,3,2,importance
229,2581,sport,Serbian,NOUN,491,yes,7.6665,4.157,-3.977,0.9032,0.8281,0.3704,7.5484,3.826,-3.3602,4,3,3,2,sports
464,1647,konkretan,Serbian,ADJ,492,yes,-4.3033,4.1904,5.0939,0.4614,0.8291,0.7981,-5.2042,4.7476,3.114,2,1,1,1,concrete
333,2895,pad,Serbian,NOUN,493,yes,4.2324,2.2531,-0.8375,0.7765,0.7678,0.5184,4.1411,2.3643,-0.7297,4,3,3,2,fall
418,1293,mapa,Serbian,NOUN,494,yes,-0.2583,1.7259,1.9195,0.6107,0.7511,0.6484,-0.6215,2.035,1.2669,2,1,1,1,a map
179,385,koalicija,Serbian,NOUN,495,yes,1.4558,-1.0976,-3.4761,0.674,0.6617,0.3941,1.882,-1.6304,-2.7776,5,4,3,2,coalition
91,189,vladajući,Serbian,ADJ,496,yes,-5.4538,4.2691,1.6703,0.419,0.8316,0.6367,-5.7997,3.9463,0.4971,2,1,1,1,ruling
236,550,uspeti,Serbian,VERB,497,yes,1.915,0.4625,0.8932,0.6909,0.7111,0.6,1.6375,0.8955,0.7431,4,3,3,2,to succeed
340,870,režim,Serbian,NOUN,498,yes,0.3672,-0.0483,-4.3309,0.6338,0.6949,0.3538,0.7708,-1.0877,-4.0727,5,4,3,2,mode
234,547,pokušavati,Serbian,VERB,499,yes,3.3181,0.9824,1.1963,0.7427,0.7276,0.6143,2.9679,1.6272,1.1485,4,3,3,2,to try
212,486,put,Serbian,ADV,500,yes,1.4648,-1.9341,1.2007,0.6743,0.6352,0.6145,1.531,-1.3993,1.445,5,4,3,2,the road
233,546,put,Serbian,ADV,500,yes,-5.7046,-0.0328,-1.0189,0.4097,0.6954,0.5099,-5.5485,-0.9164,-1.4472,2,1,1,1,the road
